Age,Department,Distance_From_Home,Years_At_Company,Average_Monthly_Hours,Number_Of_Projects,Satisfaction_Level,Last_Evaluation,Salary,Attrition
50,Engineering,24,7,194,5,0.92,0.84,14703.62,0
36,Engineering,11,5,211,2,0.13,0.84,11817.79,1
29,HR,15,3,194,5,0.72,0.36,8883.03,0
42,IT,8,13,161,6,0.91,0.81,15087.98,0
40,Sales,14,8,235,6,0.36,0.91,12006.48,0
44,HR,1,0,147,6,0.74,0.55,10063.67,0
32,Engineering,10,3,129,4,0.78,0.55,11593.14,0
32,IT,7,8,179,2,0.7,0.79,11711.06,0
45,Marketing,18,3,149,6,0.81,0.54,10773.87,0
57,Sales,12,6,142,3,0.83,0.82,13234.98,0
45,Engineering,2,8,120,6,0.67,0.34,13410.76,0
24,HR,18,0,200,4,0.99,0.76,7196.97,0
43,IT,29,5,151,3,0.7,0.41,11572.54,0
23,Sales,21,5,199,2,0.86,0.9,9256.55,0
45,IT,7,4,193,2,0.72,0.49,12294.87,0
51,Marketing,20,6,142,6,0.97,0.73,11996.47,0
59,HR,27,7,147,3,0.95,0.76,13364.52,0
23,IT,12,5,131,3,0.72,0.35,10405.56,0
42,Engineering,20,4,240,6,0.25,0.96,13845.06,0
54,HR,25,7,192,6,0.35,0.94,13762.02,1
33,Engineering,14,5,253,5,0.25,0.85,12432.78,1
43,IT,10,4,199,5,0.77,0.78,12470.55,0
46,HR,9,1,240,6,0.34,0.81,10072.36,0
48,Engineering,23,0,275,4,0.25,0.98,12089.28,0
49,Marketing,15,1,195,5,0.82,0.86,10893.55,0
37,Marketing,26,6,127,6,0.64,0.33,9588.19,0
36,IT,20,5,132,3,0.72,0.49,11996.26,1
24,HR,24,1,261,5,0.12,0.99,9435.88,1
58,Sales,10,7,187,4,0.78,0.96,13873.22,0
28,HR,19,9,189,2,0.75,0.95,11935.12,0
42,Marketing,19,3,155,3,0.93,0.88,11462.25,0
30,Engineering,12,0,133,4,0.64,0.45,8888.53,0
39,Sales,23,3,135,4,0.88,0.81,9546.7,0
25,IT,29,7,241,4,0.29,0.98,11811.0,0
46,Sales,27,7,256,3,0.15,0.88,12500.5,1
35,IT,12,2,230,4,0.32,0.99,10974.7,0
30,Sales,9,10,153,2,0.68,0.59,11881.24,1
47,IT,29,9,137,5,0.62,0.57,15010.67,0
23,IT,27,3,144,3,0.76,0.5,9791.21,0
41,Sales,20,3,255,4,0.11,0.98,10460.65,1
49,Sales,4,3,197,6,0.69,0.34,10720.54,0
28,IT,1,3,164,5,0.71,0.78,10272.47,1
29,Marketing,16,8,129,3,0.61,0.43,10723.75,0
56,Sales,1,6,188,6,0.97,0.85,12994.03,0
35,HR,13,8,266,6,0.15,0.98,12232.32,1
38,Engineering,3,7,198,4,0.91,0.76,13371.15,0
57,IT,12,10,143,3,0.66,0.51,15481.95,0
25,IT,29,2,220,4,0.33,0.96,11406.22,1
23,Engineering,23,5,259,2,0.24,0.96,11306.01,1
27,Marketing,29,0,199,6,0.77,0.78,8012.81,0
25,Engineering,9,1,162,2,0.79,0.74,8718.99,0
50,Sales,4,5,136,4,0.74,0.57,10503.08,0
39,Engineering,2,6,237,5,0.13,0.94,13414.13,1
47,IT,22,5,185,6,0.98,0.87,13349.16,0
55,Engineering,22,3,197,5,0.81,0.93,13346.23,0
31,HR,9,4,128,3,0.61,0.55,8846.69,0
57,Sales,20,9,163,6,0.73,0.49,13752.49,0
35,Engineering,24,4,228,2,0.33,0.89,11497.52,0
52,IT,13,10,179,5,0.89,0.84,16189.13,0
36,Sales,14,7,169,3,0.85,0.54,11956.3,0
29,IT,29,6,203,6,0.82,0.77,11288.03,0
35,Marketing,3,1,143,3,0.67,0.46,9049.57,0
44,HR,18,8,124,2,0.84,0.41,11832.1,0
42,Marketing,9,4,164,6,0.63,0.54,9982.81,0
37,HR,15,1,171,3,0.73,0.78,9071.83,0
39,Engineering,22,7,198,4,0.99,0.99,13426.54,0
45,Sales,27,1,141,6,0.68,0.31,8855.39,0
47,Engineering,24,3,216,6,0.73,0.91,13470.14,0
46,HR,27,5,169,6,0.61,0.56,11099.06,0
50,HR,10,12,162,6,0.72,0.4,12841.47,0
36,HR,25,3,291,4,0.17,0.9,10247.76,0
22,IT,17,4,166,2,0.68,0.58,10302.4,0
46,Sales,13,7,249,4,0.15,0.99,12324.04,1
28,Engineering,1,1,173,4,0.8,0.83,9272.93,0
30,Engineering,11,6,181,3,0.77,0.43,11224.54,0
45,Marketing,5,9,168,5,0.91,0.95,12491.46,0
22,HR,9,4,113,5,0.67,0.48,7968.84,0
29,HR,7,8,203,3,0.85,0.79,11122.82,0
45,HR,7,6,156,4,0.64,0.36,10734.33,0
32,Engineering,2,3,236,3,0.3,0.99,11509.69,0
38,Marketing,19,4,191,6,0.82,0.32,10357.75,0
29,IT,20,4,222,3,0.39,0.91,11236.9,1
56,Sales,18,5,174,3,0.97,0.72,13560.48,0
56,IT,10,5,123,6,0.78,0.54,14059.69,0
54,Engineering,25,7,154,5,1.0,0.82,14167.62,0
26,HR,5,7,258,6,0.25,0.95,10358.75,1
49,Sales,16,0,230,2,0.33,0.9,10068.53,1
28,Engineering,29,5,184,3,0.68,0.52,11157.39,0
30,Engineering,23,0,143,3,0.77,0.75,10665.28,0
29,Engineering,27,4,185,5,0.89,0.74,10891.57,0
33,Sales,25,5,164,4,0.8,0.38,8639.28,0
55,Sales,5,8,135,6,0.78,0.59,13262.78,0
54,Marketing,15,5,246,4,0.21,0.94,12341.59,1
44,Marketing,22,6,167,2,0.99,0.86,11568.05,0
45,IT,16,7,199,6,0.79,0.74,13727.93,0
58,Sales,4,9,277,2,0.21,0.99,15096.37,1
56,Sales,14,5,145,2,0.61,0.39,12251.99,0
43,Sales,24,5,260,2,0.18,0.91,11828.44,1
48,Marketing,17,5,191,6,0.95,0.73,11683.26,0
56,Engineering,17,3,232,6,0.22,0.88,13100.7,1
22,HR,21,3,175,5,0.93,0.99,9251.64,0
56,Marketing,16,0,229,3,0.24,0.88,11709.39,0
58,Sales,26,2,167,4,0.81,0.72,11533.82,0
35,Marketing,9,0,216,4,0.76,0.94,9206.44,0
24,IT,2,6,199,2,0.94,0.85,11946.86,0
22,Sales,11,4,152,6,0.79,0.77,8745.37,0
26,IT,15,5,171,6,0.92,0.71,10888.91,0
47,Sales,3,3,238,2,0.38,0.9,11363.86,0
35,Marketing,24,5,117,3,0.71,0.56,10456.81,0
48,Engineering,16,2,229,4,0.16,0.88,12797.78,1
30,HR,21,6,192,5,0.8,0.9,10716.01,0
36,IT,19,6,116,3,0.62,0.36,12373.71,1
36,Marketing,22,2,210,6,0.82,0.98,9957.41,0
47,Engineering,6,2,157,2,0.78,0.74,11800.95,0
34,Marketing,14,8,243,4,0.12,0.86,12033.21,1
53,IT,5,5,243,2,0.33,0.8,14021.8,1
53,HR,5,3,307,6,0.27,0.88,11657.16,1
25,Marketing,6,4,155,2,0.69,0.39,8297.13,0
51,Sales,18,2,244,4,0.32,0.97,11011.55,1
58,Engineering,22,5,265,2,0.27,0.87,14659.66,1
44,Marketing,18,7,151,4,0.74,0.88,11522.89,0
36,Engineering,19,5,182,2,0.84,0.94,12819.18,0
50,Sales,2,12,186,2,0.78,0.33,12996.95,0
57,HR,17,6,158,4,0.84,0.49,11780.46,0
34,HR,28,6,215,2,0.15,0.94,11632.69,1
53,Sales,1,2,161,3,0.9,0.76,12557.88,0
28,Engineering,9,4,154,5,0.88,0.97,11666.58,0
43,Marketing,13,3,285,3,0.36,0.85,10758.02,0
49,Sales,4,0,261,5,0.39,0.92,10265.45,1
23,IT,5,5,166,3,0.71,0.95,11321.04,0
27,Engineering,26,3,206,5,0.7,0.9,11212.64,0
49,HR,23,3,218,2,0.31,0.87,11540.44,0
49,Sales,18,6,191,4,0.73,0.72,12589.51,0
41,HR,28,7,200,4,0.82,0.45,11862.79,0
51,Engineering,27,4,167,6,0.73,0.42,12009.01,0
32,HR,10,5,145,5,0.95,0.83,10511.79,0
49,Sales,25,7,190,6,0.71,0.72,11493.04,0
46,Engineering,28,4,150,6,0.81,0.32,11535.53,0
54,IT,4,6,187,5,0.76,0.93,14922.73,0
22,Sales,26,0,171,4,0.79,0.31,6793.6,1
48,Marketing,26,1,197,5,0.95,0.94,10167.52,0
34,Sales,13,7,129,2,0.66,0.31,10649.15,0
24,Engineering,13,1,161,6,0.76,0.75,9435.56,0
27,Sales,17,6,144,6,0.85,0.84,10611.5,0
29,IT,8,5,218,5,0.18,0.81,11768.01,1
48,IT,4,4,211,6,0.79,0.96,13003.6,0
30,Marketing,23,3,157,4,0.92,0.96,10249.11,0
58,HR,3,8,179,6,0.91,0.76,13882.95,0
54,Engineering,11,10,247,5,0.23,0.81,15613.52,1
45,Engineering,12,6,182,4,0.97,0.96,13484.46,0
36,HR,9,6,204,4,0.84,0.92,10695.26,0
53,IT,15,3,259,6,0.23,0.96,13404.98,1
53,IT,13,1,120,5,0.84,0.98,12844.36,0
45,Sales,5,5,228,6,0.34,0.96,12354.44,1
33,Marketing,5,2,260,2,0.27,0.84,8747.43,1
23,Marketing,19,0,149,2,0.83,0.54,8122.06,0
24,Marketing,11,6,170,4,0.61,0.44,9843.51,0
58,Sales,9,8,189,6,0.71,0.96,13790.96,0
38,Marketing,3,2,226,2,0.26,0.84,10779.71,0
23,HR,18,5,160,3,0.86,0.72,8728.22,0
23,Sales,27,5,242,2,0.15,0.96,10288.64,1
49,HR,13,6,239,6,0.24,0.9,12097.02,1
44,Sales,25,1,260,6,0.33,0.89,10995.65,0
58,Marketing,28,4,175,2,0.63,0.35,10975.1,1
53,HR,12,9,190,6,0.83,0.82,14179.56,0
54,HR,9,6,211,6,0.82,0.75,13346.75,0
22,HR,10,4,190,3,0.77,0.87,8410.51,0
40,Sales,28,6,196,4,0.15,0.93,12543.79,0
23,Engineering,13,2,158,6,0.86,0.38,9664.01,0
47,Marketing,20,3,149,5,0.7,0.48,9558.03,0
53,HR,20,6,168,4,0.63,0.48,11818.63,0
27,Engineering,13,7,263,4,0.31,0.92,12654.69,1
53,Marketing,27,8,179,5,0.83,0.96,13976.58,0
25,Marketing,26,2,162,2,0.88,0.47,8105.89,0
32,HR,29,6,181,3,0.86,0.84,11136.67,0
38,HR,29,9,117,6,0.71,0.43,10932.08,0
59,Sales,22,2,228,2,0.39,0.87,12263.79,0
45,Engineering,9,9,177,5,0.71,0.93,14142.46,0
26,Engineering,24,8,254,3,0.27,0.95,12471.69,1
55,HR,10,13,157,3,0.78,0.77,15437.35,0
27,Marketing,19,6,165,3,0.7,0.74,10368.98,0
43,HR,6,6,242,5,0.4,0.86,11934.9,1
32,Marketing,29,7,166,2,0.74,0.76,11314.3,1
37,Marketing,7,7,152,6,0.86,0.59,11520.99,0
54,HR,15,8,250,3,0.17,0.89,14478.7,1
30,IT,22,7,177,3,0.82,0.78,12745.77,0
27,Engineering,19,5,225,2,0.16,0.93,11889.82,0
37,Marketing,14,9,173,3,0.91,0.87,12606.09,0
50,Marketing,16,2,193,3,0.96,0.74,11192.27,0
24,IT,14,5,201,5,0.73,0.91,11076.92,0
41,Sales,29,10,157,4,0.73,0.58,12700.8,0
57,IT,29,1,131,2,0.71,0.59,13052.65,0
40,IT,25,3,174,2,0.8,0.99,12523.29,0
47,Marketing,20,7,259,2,0.34,1.0,12700.94,1
24,Engineering,2,6,112,5,0.68,0.43,10437.04,0
40,IT,9,2,153,5,0.6,0.37,10627.72,0
41,Sales,3,4,252,6,0.18,0.89,11705.29,1
53,HR,6,1,148,5,0.81,0.33,10840.33,0
28,IT,5,8,182,2,0.9,0.9,13059.94,0
54,IT,14,4,178,6,0.98,0.92,13406.42,0
39,Sales,29,10,218,4,0.33,0.82,12356.95,0
22,Engineering,15,4,251,3,0.15,0.96,10695.43,1
32,IT,18,4,224,3,0.14,0.89,11384.39,1
49,IT,17,4,184,6,0.79,0.83,14185.99,0
46,Engineering,9,4,265,4,0.19,0.86,13212.49,0
44,Sales,19,5,183,3,0.79,0.76,11575.62,0
52,IT,23,13,227,6,0.3,0.94,16252.08,1
51,Engineering,25,4,203,5,0.78,0.99,14204.6,0
56,IT,9,4,146,2,0.88,0.44,14270.16,0
28,HR,28,5,203,4,0.83,0.75,9834.53,0
37,Marketing,16,8,249,3,0.23,0.91,11798.21,1
47,HR,26,1,172,2,0.93,0.9,10762.74,0
23,IT,6,5,250,6,0.29,0.98,11102.8,1
22,Sales,8,3,173,3,0.94,0.86,8823.37,0
33,Marketing,25,7,178,2,0.8,0.74,10576.01,0
26,HR,3,4,270,5,0.36,0.92,9191.07,1
58,Engineering,22,0,158,4,0.9,0.94,13171.94,0
53,Sales,5,6,183,6,0.75,0.54,12222.38,0
30,HR,7,6,255,3,0.21,0.88,10418.69,1
56,Engineering,23,3,135,5,0.72,0.42,13571.86,0
40,IT,25,3,278,4,0.3,0.81,12234.58,1
37,Engineering,1,1,189,4,0.95,0.75,11373.55,0
24,HR,22,6,179,5,0.97,0.9,10378.2,0
41,HR,21,8,270,3,0.26,0.98,12519.94,1
45,IT,4,2,135,4,0.87,0.43,11578.22,0
54,Engineering,26,3,149,6,0.82,0.79,12942.04,0
45,Engineering,28,5,184,2,0.78,0.96,13744.63,0
32,IT,16,12,140,6,0.65,0.4,12940.05,1
29,Engineering,27,7,188,4,0.72,0.78,11742.11,0
57,IT,14,2,155,2,0.67,0.44,13329.11,0
59,Sales,1,6,151,5,0.74,0.56,12158.02,0
41,HR,4,1,212,2,0.9,0.95,11167.95,0
56,Sales,10,7,154,2,0.6,0.42,13361.7,0
46,Marketing,11,10,158,2,0.76,0.46,12406.67,0
56,Marketing,7,10,130,4,0.7,0.46,14404.91,0
46,Marketing,4,7,216,3,0.91,0.96,12172.57,0
50,IT,1,3,213,4,0.75,0.84,13567.97,0
39,Engineering,26,1,133,3,0.67,0.49,10692.55,0
39,Sales,1,1,145,5,0.86,0.43,8147.68,0
23,Sales,17,0,142,5,0.89,0.59,7159.49,0
56,Sales,27,7,150,5,0.63,0.3,12221.75,0
37,Sales,10,5,223,5,0.35,0.8,11197.66,1
57,Marketing,5,8,171,5,0.88,0.78,13427.67,0
54,Sales,7,9,164,6,0.81,0.5,12967.96,0
25,Engineering,25,5,117,4,0.67,0.31,10391.37,1
54,Marketing,8,5,236,3,0.34,0.96,13064.19,0
35,Sales,2,4,273,5,0.24,0.92,10496.74,1
42,IT,9,4,187,6,0.83,0.78,12313.85,0
41,HR,4,7,108,6,0.68,0.46,11591.37,0
29,HR,12,4,214,6,0.13,0.94,9833.21,1
28,HR,26,4,121,4,0.66,0.36,8123.48,0
24,Marketing,11,5,140,5,0.78,0.41,8525.68,0
38,Sales,5,8,240,6,0.23,0.91,12288.28,1
54,Marketing,12,3,141,6,0.86,0.43,11085.59,0
33,Engineering,27,5,209,5,0.72,0.31,10669.99,1
43,IT,21,6,147,4,0.77,0.51,11996.82,0
43,IT,4,8,149,6,0.65,0.38,12879.37,0
51,HR,13,4,127,3,0.66,0.32,11050.0,0
59,HR,22,3,185,2,0.8,0.74,11782.52,0
59,HR,1,4,186,2,0.64,0.3,11610.9,0
29,Sales,18,8,217,2,0.34,0.84,10423.53,1
48,Engineering,4,11,271,4,0.28,0.86,15261.87,1
48,Engineering,4,1,143,6,0.63,0.37,12196.52,1
55,Engineering,8,2,153,2,0.9,0.78,13244.14,0
42,Engineering,25,4,258,2,0.1,0.9,11916.79,1
51,HR,28,5,182,5,0.88,0.84,12448.27,0
54,IT,20,7,239,6,0.27,0.99,15627.07,0
49,HR,6,2,169,6,0.67,0.38,9565.55,0
54,Engineering,4,2,164,5,0.85,0.92,12823.68,0
26,HR,4,5,150,6,0.82,0.54,9312.76,0
40,Engineering,28,4,168,3,0.69,0.5,11654.92,0
25,Marketing,11,7,246,4,0.35,0.91,11015.76,0
56,IT,28,6,140,5,0.91,0.97,14739.69,0
38,Marketing,9,7,249,2,0.33,0.84,12000.75,0
49,Sales,14,5,166,6,0.82,0.96,13083.49,0
51,HR,4,12,281,3,0.16,0.87,14008.59,1
50,Sales,13,2,162,3,0.79,0.75,11479.49,0
27,HR,6,7,166,4,0.74,0.42,9431.08,0
56,Marketing,13,1,213,3,0.99,0.82,10427.04,0
58,Engineering,25,2,180,6,0.73,0.43,12997.29,0
45,Engineering,3,3,156,6,0.72,0.85,12909.65,0
50,HR,23,10,250,3,0.13,0.82,12874.81,1
52,Engineering,7,6,237,6,0.13,0.92,14116.92,1
56,Marketing,1,3,134,6,0.65,0.59,11363.2,0
54,Engineering,11,6,228,2,0.36,0.85,14797.19,0
42,Marketing,2,5,237,5,0.25,0.8,10533.25,0
53,Sales,5,4,191,6,0.9,0.86,12267.27,0
44,Marketing,24,1,191,6,0.74,0.82,9169.29,0
54,IT,22,9,157,4,0.65,0.38,14542.59,0
24,IT,14,6,146,5,0.82,0.98,11731.2,0
39,IT,29,12,164,5,0.64,0.59,13928.73,1
46,HR,13,8,235,5,0.2,0.83,13371.38,1
52,HR,16,7,195,3,0.96,0.79,11573.74,0
24,HR,23,4,218,2,0.84,0.85,9288.41,0
45,Marketing,15,2,194,2,0.92,0.73,11151.46,0
53,HR,3,4,256,4,0.12,0.83,12220.67,1
43,Sales,6,2,159,5,0.91,0.83,11245.4,0
44,IT,9,7,244,5,0.25,0.83,13425.33,1
23,Marketing,3,5,247,6,0.24,0.95,9621.87,1
48,IT,13,4,216,3,0.4,0.94,13991.29,0
23,HR,29,5,174,3,0.95,0.82,9896.19,0
47,Marketing,13,3,173,4,0.82,0.95,12707.07,0
38,Engineering,22,4,193,2,0.8,0.9,12344.18,0
54,Sales,7,3,182,5,0.71,0.47,11346.36,0
30,HR,5,0,170,4,0.7,0.33,7419.62,0
50,HR,26,5,223,3,0.2,0.88,12154.55,1
47,Sales,29,5,281,3,0.18,0.87,12476.25,1
56,Sales,8,8,137,3,0.75,0.58,13166.01,0
46,Engineering,8,7,195,5,0.71,0.85,13498.2,1
45,HR,22,7,153,5,0.61,0.47,11356.07,0
34,HR,7,2,254,5,0.36,0.85,9651.61,1
28,IT,19,6,252,6,0.3,0.89,11504.36,0
57,Marketing,29,10,240,2,0.11,0.98,14439.07,1
41,Marketing,7,6,149,3,0.81,0.44,10289.21,0
22,IT,23,4,182,3,0.74,0.76,10217.26,0
29,Marketing,4,11,166,6,0.89,0.85,12486.55,0
37,Sales,10,4,165,3,0.95,0.96,10840.8,0
35,Marketing,13,3,184,3,0.77,0.49,10620.11,0
33,Marketing,4,3,157,5,0.71,0.58,8968.33,0
44,IT,19,0,233,5,0.1,0.98,12112.61,1
36,Engineering,10,3,157,2,0.73,0.73,11568.03,1
49,Marketing,7,9,150,3,0.76,0.88,13676.29,0
55,Marketing,5,0,269,4,0.23,0.81,10810.64,1
23,Engineering,3,2,138,3,0.81,0.52,9250.69,0
53,IT,22,5,144,3,0.81,0.39,13290.21,0
44,Engineering,28,2,170,2,0.95,0.99,12235.95,0
43,IT,22,3,171,4,0.85,0.7,11219.09,0
46,Sales,22,3,133,3,0.77,0.32,10800.28,0
43,IT,2,4,151,4,0.88,0.41,12263.1,0
43,Sales,29,3,251,5,0.33,0.92,10834.12,1
27,Sales,11,3,267,5,0.29,0.93,9564.36,1
36,IT,10,8,291,4,0.4,0.95,13896.33,1
58,HR,28,8,294,3,0.33,0.97,14821.1,1
54,IT,23,1,125,4,0.95,0.83,12918.4,0
29,Marketing,13,0,182,4,0.87,0.86,8323.56,0
26,Marketing,7,8,241,5,0.35,0.83,11395.13,1
25,HR,10,1,178,4,0.88,0.88,8603.53,0
27,Sales,28,6,255,6,0.17,0.83,10094.93,1
53,HR,4,0,136,6,0.8,0.48,10397.27,0
51,Marketing,27,9,254,5,0.37,0.88,14133.07,1
56,HR,22,13,170,3,0.69,0.44,14358.02,1
37,IT,20,6,243,3,0.38,0.86,13214.38,1
34,HR,16,5,117,5,0.86,0.53,9864.64,0
51,Sales,20,4,161,3,0.85,0.3,11207.72,0
40,IT,6,7,202,2,0.87,0.8,12729.48,0
38,Engineering,9,7,222,6,0.36,0.92,13778.48,0
40,Marketing,28,8,194,2,0.36,0.85,11767.82,0
49,Marketing,13,3,271,2,0.1,0.91,11852.37,1
47,HR,7,6,189,2,0.9,0.88,11511.86,0
58,IT,18,3,282,5,0.12,0.82,13858.99,1
47,Engineering,14,2,177,2,0.88,0.78,12459.05,0
44,IT,22,5,134,4,0.77,0.4,11856.58,0
30,Marketing,5,2,173,3,0.82,0.49,8531.38,0
33,IT,22,9,134,5,0.79,0.49,12613.52,0
22,Engineering,13,2,231,4,0.27,0.8,10186.19,0
22,HR,24,4,279,4,0.38,0.96,9377.27,1
55,Sales,8,3,138,6,0.78,0.38,11817.53,0
53,IT,15,6,127,6,0.74,0.39,13956.77,0
46,Sales,19,3,285,4,0.25,0.83,11150.84,0
22,Marketing,9,1,253,6,0.23,0.93,7686.85,1
37,HR,6,6,178,3,0.8,0.79,10837.16,0
26,HR,23,4,304,3,0.27,0.86,8400.1,1
43,IT,25,6,154,6,0.81,0.73,12958.77,0
50,HR,14,4,197,2,0.96,0.85,12591.87,0
24,IT,29,1,271,4,0.19,0.9,10402.56,1
33,IT,23,8,209,3,0.13,1.0,13240.55,0
47,Sales,10,7,231,6,0.23,0.87,12175.56,0
37,HR,9,3,207,6,0.95,0.84,10333.71,0
58,IT,17,5,189,3,0.92,0.73,15330.09,0
43,Sales,13,8,193,3,0.76,0.74,12931.02,0
50,Engineering,17,4,174,2,0.79,0.99,13610.49,0
35,Sales,19,4,146,6,0.71,0.82,9597.36,1
49,Sales,13,6,276,6,0.27,0.99,13785.3,1
26,IT,9,4,251,5,0.26,0.81,10551.89,0
51,Marketing,1,8,165,2,0.79,0.87,13510.37,0
26,Marketing,1,4,236,3,0.16,0.98,8989.64,0
33,Marketing,5,3,252,3,0.36,0.95,9948.41,1
37,Sales,8,7,130,4,0.84,0.78,10570.65,0
47,IT,18,2,140,3,0.75,0.31,10837.36,0
47,HR,4,11,210,6,0.86,0.81,13159.64,0
42,Sales,22,10,195,3,0.92,0.94,13309.01,0
57,Sales,1,7,268,6,0.16,0.87,13487.14,1
54,IT,15,6,164,6,0.84,0.8,15654.61,0
51,Engineering,20,6,273,2,0.14,0.88,14726.51,1
58,Sales,4,4,126,3,0.89,0.37,12313.27,0
44,Engineering,25,6,189,2,0.62,0.45,12844.56,0
31,Engineering,9,2,242,6,0.31,0.9,11143.31,1
26,Marketing,22,7,163,3,0.63,0.58,10456.47,0
57,IT,24,8,237,3,0.21,0.92,14239.95,0
55,Engineering,28,4,171,2,0.81,0.34,12570.15,0
52,IT,26,3,138,2,0.69,0.34,11606.58,0
31,Marketing,20,1,192,6,0.92,0.98,8423.83,0
40,IT,10,9,140,6,0.86,0.86,13539.67,0
53,Sales,24,3,241,3,0.24,0.92,11467.23,1
22,Engineering,15,4,191,3,0.9,0.58,10659.76,0
26,IT,3,6,141,5,0.87,0.42,10781.59,0
25,HR,2,6,281,5,0.39,0.88,9061.33,1
37,IT,22,7,195,4,0.99,0.77,13003.79,0
45,Engineering,5,4,197,6,0.92,0.86,12406.39,0
37,Marketing,24,2,235,4,0.27,0.93,10195.54,0
23,Marketing,1,1,122,4,0.7,0.44,7685.63,0
49,Engineering,11,3,284,2,0.16,0.99,12909.42,1
53,Sales,12,2,144,2,0.85,0.92,11849.03,0
48,Sales,26,4,228,5,0.22,0.88,11964.72,1
41,Marketing,3,9,157,4,0.86,0.86,12443.95,0
45,Marketing,23,4,179,5,0.85,0.75,10841.65,0
33,Engineering,29,4,182,6,0.64,0.58,11161.16,0
56,Sales,16,5,171,3,0.72,0.57,12175.65,0
54,Marketing,26,4,188,2,0.89,0.93,12619.76,0
54,Sales,14,5,147,6,0.85,0.56,11880.48,0
58,Marketing,12,7,230,6,0.15,0.85,13012.38,1
33,IT,20,8,131,2,0.86,0.31,11734.63,0
24,HR,26,6,167,2,0.72,0.78,9927.69,0
22,IT,16,4,166,4,0.94,0.87,10730.44,0
54,Marketing,21,7,161,5,0.7,0.83,13102.13,0
31,HR,8,12,175,6,0.9,0.91,12277.95,0
50,HR,17,3,188,4,0.92,0.92,11467.91,0
34,Marketing,17,11,188,4,0.73,0.92,12326.0,0
33,Marketing,28,4,262,6,0.39,0.94,10909.5,1
52,Sales,7,4,152,6,0.73,0.48,10885.65,1
23,Marketing,15,5,180,3,0.84,0.98,9805.2,0
56,Engineering,29,4,163,5,0.91,0.94,13546.14,0
44,Marketing,28,5,173,6,0.87,0.97,12227.72,0
38,Engineering,9,3,248,2,0.2,0.91,11746.68,1
47,Marketing,4,7,197,3,0.97,0.95,12295.13,0
29,Sales,8,3,228,5,0.78,0.97,9847.4,0
50,Engineering,10,7,244,2,0.38,0.88,13130.67,1
47,IT,15,10,167,2,0.82,0.44,13435.83,0
31,Engineering,23,4,283,5,0.14,0.99,11951.63,1
47,Sales,18,7,143,3,0.71,0.31,11918.63,0
55,Engineering,14,7,228,2,0.13,0.9,15123.96,1
28,Marketing,5,10,174,4,0.81,0.51,10888.9,0
25,Marketing,9,3,149,5,0.81,0.45,9500.71,0
32,Sales,13,7,197,5,0.84,0.76,11065.33,0
50,HR,29,0,153,6,0.79,0.71,9903.14,0
57,Marketing,25,4,194,3,0.79,0.93,13274.82,0
46,IT,19,6,259,4,0.2,0.85,13276.36,1
42,Sales,11,9,238,4,0.14,0.89,12327.38,1
57,Engineering,12,1,202,6,0.85,0.91,12621.97,0
31,Engineering,3,7,259,2,0.11,0.86,12212.87,1
58,IT,2,5,159,2,0.78,0.74,13672.86,0
30,Marketing,23,0,157,4,0.86,0.9,9076.93,0
45,Sales,22,6,124,3,0.71,0.52,11268.97,0
56,IT,15,10,160,2,0.86,0.71,14833.75,0
56,Marketing,5,2,251,5,0.12,0.88,11926.67,1
57,Sales,7,5,153,6,0.63,0.55,12804.71,0
39,Engineering,4,2,172,3,0.92,0.88,12577.7,0
53,Sales,5,4,174,2,0.67,0.45,10512.41,0
45,HR,25,9,192,4,0.86,0.86,12533.82,0
44,Sales,16,4,251,6,0.37,0.98,10905.61,0
53,HR,15,9,144,2,0.84,0.58,13342.83,0
58,Sales,27,8,140,4,0.75,0.55,12603.47,0
33,HR,16,4,171,2,0.85,0.92,10878.44,0
34,Engineering,25,3,237,6,0.32,0.83,12067.74,0
44,Marketing,4,2,176,5,0.71,0.38,10167.98,0
46,HR,6,2,160,5,0.81,0.87,10574.51,0
56,HR,18,6,279,4,0.13,0.96,12994.85,1
51,Engineering,3,5,154,5,0.92,0.76,13397.47,0
38,HR,25,3,124,6,0.87,0.48,10222.27,0
41,IT,22,0,174,4,0.98,0.93,10604.02,0
46,Engineering,24,5,191,2,0.76,0.8,13395.69,0
43,IT,27,4,268,3,0.33,0.89,12309.76,1
34,Engineering,5,4,161,2,0.81,0.42,10722.19,0
40,HR,2,6,155,6,0.99,0.79,11754.43,0
57,IT,23,0,174,4,0.74,0.5,11446.68,0
33,HR,16,0,182,2,0.93,0.72,8596.11,0
40,Engineering,6,12,157,4,0.9,0.53,14087.02,0
33,HR,27,3,268,5,0.36,0.82,9826.26,0
30,IT,15,0,160,3,0.7,0.56,9574.26,1
28,IT,18,1,189,6,0.75,0.96,10790.94,0
49,HR,6,12,144,2,0.81,0.46,13186.05,0
35,Sales,13,3,204,3,0.76,0.79,10153.6,0
52,Engineering,24,8,191,6,0.85,0.86,14983.72,0
40,Engineering,13,5,161,6,0.77,0.53,12211.51,0
37,HR,1,4,266,5,0.16,0.81,10783.95,1
26,Sales,16,7,158,4,0.82,0.96,10766.83,0
56,IT,4,0,163,4,0.69,0.3,11662.29,0
33,Marketing,17,1,145,3,0.81,0.86,8686.45,0
46,Marketing,18,4,144,5,0.86,0.57,11626.08,0
42,HR,16,1,115,6,0.76,0.58,10516.78,0
57,Sales,1,3,164,5,1.0,0.77,11961.54,0
44,Sales,6,8,178,5,0.6,0.3,11633.76,0
37,Engineering,11,5,160,3,0.74,0.45,11319.19,0
35,IT,6,9,114,4,0.69,0.35,12040.17,0
52,Sales,17,6,121,5,0.72,0.37,11767.02,0
26,Marketing,4,8,153,5,0.75,0.35,11098.16,0
56,IT,14,5,178,5,0.9,0.93,15250.04,0
44,IT,14,3,130,2,0.62,0.48,12481.68,0
50,HR,20,9,166,5,0.68,0.46,12875.96,1
32,Sales,8,3,180,5,0.86,0.87,9391.04,0
39,HR,22,6,235,6,0.22,0.99,12198.04,1
33,Sales,2,7,268,2,0.35,0.89,9751.86,1
30,Engineering,5,8,191,5,0.95,0.95,12989.17,0
31,HR,4,2,161,5,0.79,0.79,9827.43,0
38,HR,10,8,133,3,0.69,0.52,11311.08,0
59,Marketing,20,2,190,3,0.73,0.77,12872.2,0
28,HR,28,7,230,2,0.21,0.9,9977.42,0
34,Sales,24,7,203,6,0.8,0.83,11969.47,0
30,Marketing,21,7,156,2,0.79,0.34,9708.97,0
48,HR,3,1,144,2,0.68,0.41,10653.51,0
23,HR,16,5,175,3,0.86,0.5,9307.99,0
26,Engineering,10,8,227,3,0.11,0.95,13151.29,0
50,HR,28,6,250,6,0.25,0.96,13213.01,1
58,IT,15,3,197,5,0.81,0.84,14224.99,0
59,Marketing,4,8,142,6,0.81,0.57,14113.48,0
40,IT,1,5,162,5,0.63,0.33,11695.08,0
29,Marketing,22,0,250,4,0.19,0.92,9046.84,0
22,Engineering,27,2,204,3,0.11,0.87,10037.58,1
43,HR,29,3,171,4,0.75,0.89,10645.33,0
38,HR,15,10,100,4,0.73,0.59,12237.08,0
28,HR,10,9,157,3,0.66,0.45,10508.37,0
46,Marketing,20,9,283,4,0.38,0.88,13679.67,1
25,HR,22,6,149,2,0.84,0.73,9656.99,0
57,IT,18,8,265,5,0.15,0.91,15037.47,1
27,HR,16,2,268,6,0.26,0.82,9551.85,1
52,Engineering,21,5,179,3,0.66,0.44,13113.33,0
40,IT,27,6,217,2,0.32,0.91,12716.16,1
48,HR,9,2,230,6,0.28,0.99,12070.17,0
31,HR,24,6,199,6,0.9,0.72,10808.23,0
47,Sales,19,10,178,6,0.73,1.0,14617.74,0
40,Marketing,17,7,176,4,0.98,0.72,11376.51,0
24,IT,10,6,161,4,0.85,0.43,10310.62,0
34,Sales,19,0,224,4,0.23,0.93,8710.41,1
49,Engineering,8,10,257,4,0.2,0.87,14855.73,1
41,Marketing,27,4,179,2,0.84,0.8,10707.3,0
49,IT,19,3,139,4,0.89,0.33,12310.91,0
29,HR,5,4,207,3,0.98,0.92,9475.33,0
22,IT,2,1,276,6,0.35,0.82,9311.1,1
24,HR,15,6,173,2,0.75,0.51,10066.58,0
34,Marketing,17,4,256,4,0.12,0.94,9010.81,1
49,HR,27,3,173,6,0.76,0.41,10867.63,0
46,Engineering,10,4,149,2,0.97,0.85,12352.5,0
54,HR,21,8,177,6,0.95,0.82,13038.67,0
59,Engineering,21,5,139,2,0.7,0.52,14642.44,0
27,Marketing,22,1,135,5,0.82,0.32,7666.3,0
53,Marketing,2,6,162,2,0.86,0.74,13915.25,0
42,IT,9,2,169,4,0.74,0.98,12579.68,0
37,Engineering,2,0,259,6,0.22,0.87,10527.41,0
42,Engineering,18,9,157,6,0.84,0.45,13585.0,0
32,Sales,12,6,238,6,0.22,0.85,11270.16,0
58,Sales,15,5,125,3,0.71,0.45,12459.62,0
57,Sales,21,4,135,3,0.72,0.31,11403.82,0
56,HR,25,9,152,4,0.83,0.35,12157.04,0
40,Sales,20,14,142,5,0.83,0.54,13127.07,0
41,Engineering,6,6,267,3,0.25,0.84,13915.96,0
39,HR,18,2,171,2,0.67,0.57,9243.69,0
35,Marketing,13,5,188,4,0.73,0.99,10783.7,0
36,IT,4,6,196,5,0.98,0.92,13230.03,0
52,Sales,12,0,146,2,0.66,0.43,10375.14,0
22,Marketing,9,4,166,6,0.92,0.82,8376.92,0
24,Engineering,2,6,158,3,0.8,0.88,11402.91,0
37,IT,16,9,242,2,0.31,0.82,14245.77,1
44,Marketing,1,9,249,5,0.3,0.86,12827.71,1
32,IT,4,5,173,4,0.71,0.85,12605.77,0
33,Sales,15,10,173,2,0.85,0.8,12636.89,0
31,Engineering,20,11,160,4,0.9,0.93,13305.61,0
53,IT,1,5,167,6,0.86,0.88,13906.38,0
37,Marketing,20,6,161,5,0.75,0.77,11378.38,0
29,Sales,15,0,162,5,0.67,0.46,7042.83,0
59,Sales,3,1,251,3,0.16,0.93,11945.15,1
33,Marketing,13,2,232,5,0.35,0.91,9997.19,1
45,Marketing,18,4,132,2,0.61,0.39,10172.14,1
49,IT,13,2,194,2,0.92,0.71,12722.56,0
29,HR,10,5,130,2,0.83,0.44,8973.1,0
49,Sales,20,4,173,6,0.91,0.82,11427.15,0
57,IT,24,8,227,5,0.27,0.99,15951.31,0
47,Marketing,7,4,152,5,0.62,0.45,11488.46,0
29,IT,25,0,208,2,0.11,0.86,9769.84,1
49,Marketing,8,5,114,3,0.85,0.47,10726.68,0
49,Engineering,1,5,171,3,0.79,0.81,13511.23,0
58,Marketing,28,2,138,5,0.95,0.99,12613.78,0
57,Marketing,18,5,156,5,0.95,0.83,12495.78,0
48,Marketing,12,2,254,4,0.27,0.85,11922.72,1
38,HR,18,6,183,5,0.84,0.53,10595.02,0
30,Marketing,28,12,138,2,0.66,0.51,11264.7,0
54,Sales,24,0,172,6,0.65,0.3,10967.43,0
41,Sales,12,3,153,5,0.84,0.81,11244.73,0
34,IT,20,3,184,5,0.96,0.78,10990.94,0
49,HR,9,4,150,2,0.77,0.84,12322.0,0
50,IT,2,8,249,4,0.18,0.83,14239.96,1
34,Sales,14,7,215,5,0.92,0.93,11745.84,0
56,Sales,4,8,243,3,0.32,0.83,14543.97,1
27,Engineering,29,5,168,3,0.99,0.95,10988.2,0
39,Marketing,29,1,139,3,0.64,0.34,8614.14,0
26,Sales,15,2,164,6,0.82,0.44,7823.88,0
46,IT,17,7,166,6,0.78,0.51,13344.62,0
23,IT,19,5,157,5,0.71,0.79,11123.73,0
31,Marketing,6,9,267,5,0.31,0.96,11672.43,1
51,Marketing,9,6,146,5,0.69,0.31,10680.7,0
26,Engineering,27,1,190,6,0.73,0.85,9479.61,0
54,HR,17,3,131,5,0.83,0.37,10591.21,0
22,IT,15,4,233,2,0.4,0.84,10858.91,1
39,Marketing,5,7,161,4,0.77,0.58,10457.6,0
53,IT,28,8,125,3,0.83,0.6,13934.78,0
32,Marketing,18,2,159,3,0.75,0.93,9092.79,0
42,Sales,23,1,169,2,0.83,0.94,10546.95,0
47,IT,4,4,119,5,0.74,0.46,12888.38,1
46,Sales,21,9,206,6,0.82,0.91,13194.46,0
43,IT,24,3,145,5,0.88,0.46,12622.17,0
48,HR,2,6,252,5,0.16,0.9,12477.83,0
34,Engineering,19,6,243,3,0.11,0.85,12354.07,1
54,Sales,27,7,150,3,0.68,0.45,12016.33,0
55,Marketing,5,10,228,6,0.27,0.99,14571.8,0
56,HR,26,10,215,3,0.98,0.94,14057.54,0
22,IT,4,3,192,5,0.76,0.74,9589.02,0
42,Sales,5,0,287,2,0.34,0.95,9591.74,1
27,IT,19,3,129,6,0.79,0.6,10179.72,0
49,IT,13,5,181,2,0.95,0.78,13201.06,0
38,IT,16,4,195,5,0.93,0.99,13801.63,0
26,Engineering,12,8,212,6,0.84,0.81,12223.34,0
52,Engineering,9,5,166,2,0.71,0.49,13278.28,1
26,Marketing,24,7,202,6,0.76,0.85,10120.41,0
59,Sales,16,6,180,5,0.84,0.44,14118.16,0
24,HR,14,4,154,6,0.8,0.42,7983.63,1
44,HR,22,0,266,5,0.37,0.83,9828.17,1
58,HR,1,5,231,6,0.34,0.97,13743.2,1
58,IT,20,15,137,6,0.9,0.39,16677.6,0
31,Engineering,23,1,256,3,0.22,0.97,10202.67,1
31,Sales,26,0,294,5,0.21,0.92,8950.08,1
40,IT,21,11,181,4,0.99,0.72,14573.28,0
38,Engineering,4,7,233,6,0.27,0.97,13601.22,0
42,Engineering,9,6,149,2,0.77,0.4,12629.84,0
35,Sales,24,9,165,3,0.65,0.55,12402.27,1
30,Sales,19,3,180,3,0.94,0.91,9851.55,0
22,Sales,14,4,139,6,0.6,0.43,8654.52,0
34,IT,22,8,233,4,0.26,0.85,11793.26,1
25,Marketing,12,7,178,3,0.66,0.48,10492.24,0
22,Sales,28,1,163,5,0.87,0.83,8186.23,0
53,Marketing,4,9,194,6,0.87,0.81,13185.27,0
55,IT,7,6,156,6,0.84,0.36,13412.81,0
49,Marketing,17,5,169,4,0.69,0.52,11761.49,0
52,HR,1,5,198,5,0.73,0.92,13048.03,0
29,Marketing,14,1,229,5,0.3,0.97,9084.75,1
47,Sales,15,8,172,4,0.87,0.98,13351.13,0
55,IT,12,3,130,2,0.72,0.55,12875.36,0
24,Sales,12,2,293,5,0.38,0.82,8894.82,1
33,HR,6,8,116,2,0.66,0.31,10420.86,0
22,Sales,26,4,240,2,0.36,0.92,9392.39,0
26,Sales,27,5,177,6,0.88,0.86,9663.66,0
51,Sales,29,8,162,6,1.0,0.95,13602.97,0
51,Engineering,13,9,245,3,0.37,0.96,14816.02,1
38,HR,16,9,173,6,0.7,0.79,12179.42,0
44,Sales,14,3,265,5,0.13,0.89,10771.88,1
36,Sales,7,8,157,5,0.82,0.58,10666.32,0
58,Sales,29,6,224,2,0.12,0.8,12852.09,0
42,IT,25,10,199,5,0.78,0.8,14194.52,0
35,Engineering,16,5,191,6,0.78,0.85,11942.63,0
23,IT,23,4,123,6,0.9,0.82,10830.42,0
32,Engineering,9,3,205,6,0.78,0.75,11139.57,0
59,Sales,26,6,164,4,0.93,0.9,14007.42,0
55,HR,14,6,167,5,0.77,0.88,13010.62,0
59,Marketing,25,6,234,3,0.86,0.85,13485.42,0
55,Marketing,24,6,185,5,0.87,0.91,14062.26,0
39,Sales,7,7,140,5,0.64,0.32,10420.56,0
51,IT,12,4,248,4,0.39,0.99,13640.22,1
36,HR,3,2,136,5,0.66,0.45,9692.95,0
48,Engineering,27,2,221,2,0.35,0.99,12401.83,0
55,Sales,14,8,176,6,0.78,0.39,13344.89,0
59,HR,19,6,112,6,0.87,0.56,12703.79,0
54,HR,11,0,192,4,0.79,0.71,10403.4,0
45,Engineering,5,8,243,6,0.34,0.89,14632.76,1
36,HR,23,11,209,2,0.35,0.82,12424.28,0
51,IT,13,3,147,4,0.86,0.57,13550.65,0
38,IT,28,6,191,3,0.77,0.81,12764.76,0
26,IT,10,4,139,6,0.7,0.35,10042.64,0
50,HR,7,7,198,5,0.86,0.31,11426.21,0
25,IT,17,2,188,2,0.89,0.93,10384.39,0
31,Engineering,16,5,185,2,0.92,0.98,11920.36,0
38,HR,8,8,242,6,0.2,0.9,12666.97,1
31,Marketing,17,9,145,3,0.68,0.35,10651.03,0
38,HR,13,6,256,5,0.11,0.98,11916.5,1
41,Engineering,11,4,195,3,0.9,0.7,12252.45,0
45,Marketing,20,0,255,3,0.4,0.98,10245.66,1
26,HR,18,3,164,6,0.7,0.57,8821.68,1
55,IT,5,4,242,5,0.19,0.91,14820.46,1
27,Sales,6,3,239,6,0.27,0.95,8981.44,0
23,Sales,20,5,198,6,0.89,0.77,9549.02,0
34,IT,14,4,248,2,0.22,0.9,12658.26,1
32,Sales,12,6,252,6,0.24,0.89,10371.66,1
44,Sales,29,9,180,4,0.7,0.38,12315.9,0
37,IT,4,4,239,5,0.11,0.92,12694.86,0
52,IT,7,1,241,2,0.3,0.94,12225.34,1
32,HR,11,3,190,5,0.93,0.85,10357.36,0
37,HR,20,7,203,2,0.79,0.99,11492.71,0
29,IT,2,7,166,4,0.78,0.76,12201.02,0
25,Engineering,4,6,178,6,0.99,0.88,12065.13,0
25,Sales,7,7,169,2,0.87,0.9,10993.52,0
46,HR,1,4,249,2,0.28,0.94,10918.54,0
24,Sales,15,6,165,2,0.83,0.93,10948.68,0
53,Marketing,20,7,166,4,0.75,0.81,13732.16,0
24,IT,22,0,206,5,0.95,0.95,10322.71,0
48,Engineering,24,10,114,4,0.82,0.37,14225.46,0
50,Marketing,8,3,253,2,0.15,0.99,11670.99,1
53,Marketing,29,2,180,2,0.8,0.91,11180.23,0
40,Marketing,25,7,139,6,0.77,0.78,10844.8,0
42,IT,5,0,182,4,0.75,0.78,11580.0,1
26,HR,14,3,231,4,0.11,0.94,9907.48,0
39,IT,18,10,249,3,0.15,0.82,13998.7,0
49,HR,3,7,259,5,0.28,0.82,12407.2,1
43,Marketing,2,7,174,3,0.92,0.72,11878.74,0
42,Marketing,25,3,256,3,0.35,0.9,10577.02,1
27,Engineering,22,0,271,5,0.3,1.0,10208.21,1
22,HR,16,4,168,6,0.77,0.89,8825.48,0
26,Marketing,14,8,249,6,0.1,0.82,10953.71,1
33,Sales,16,8,170,5,0.89,0.87,12062.23,0
47,Engineering,11,6,151,5,0.74,0.58,13409.03,0
55,IT,28,2,193,4,0.82,0.89,13334.72,0
35,Engineering,17,12,163,4,0.76,0.56,14209.34,0
47,Sales,3,6,163,4,0.82,0.97,12442.67,0
48,HR,23,4,161,4,0.72,0.94,12356.02,0
30,IT,23,4,256,2,0.23,0.85,11073.57,1
47,IT,5,5,245,2,0.35,0.91,13268.04,1
43,HR,3,8,265,6,0.28,0.89,11995.32,1
51,Engineering,29,6,176,2,0.74,0.83,13818.33,0
38,Marketing,15,8,205,2,0.8,0.85,12389.59,0
47,Engineering,23,5,100,4,0.64,0.45,12172.01,0
57,Sales,5,5,218,4,0.77,0.76,11558.32,0
22,Marketing,22,4,227,5,0.32,0.94,9064.47,1
29,Engineering,3,7,209,4,0.84,0.82,11545.87,0
56,HR,6,4,153,5,0.85,0.95,12457.27,0
36,Sales,23,3,256,5,0.36,0.83,11221.66,1
43,Sales,14,6,130,2,0.69,0.31,10266.66,0
35,Sales,24,5,253,4,0.37,0.85,11007.53,1
47,Marketing,2,3,156,2,0.83,0.36,10280.77,0
49,IT,18,2,139,4,0.67,0.46,12099.0,0
44,Marketing,6,6,232,2,0.2,0.83,11609.22,1
35,Engineering,24,7,154,2,0.66,0.54,12753.8,0
45,IT,5,4,151,2,0.7,0.34,12084.62,0
23,Engineering,14,3,160,6,0.77,0.57,10071.13,0
47,IT,17,3,175,2,0.69,0.46,12074.58,0
35,Marketing,11,6,286,3,0.13,0.94,11799.56,1
28,Sales,1,3,187,3,0.94,0.76,9496.32,0
24,HR,10,6,197,3,0.78,0.85,10093.01,0
44,Sales,9,4,141,5,0.74,0.54,11006.07,0
39,Marketing,20,0,269,2,0.27,0.95,8929.25,1
59,IT,12,5,170,3,0.78,0.86,14721.54,0
56,Sales,26,5,157,5,0.76,0.84,12753.3,0
36,Marketing,1,8,232,3,0.39,0.83,12248.32,1
46,Engineering,27,6,163,4,0.84,0.6,12739.98,0
58,HR,24,2,247,6,0.1,0.92,12335.71,1
49,Sales,18,4,154,2,0.75,0.56,12185.95,0
31,IT,12,6,238,6,0.3,0.93,12254.77,0
38,Engineering,2,0,149,6,0.88,0.55,9728.72,0
43,Marketing,1,9,168,4,0.82,0.79,13673.06,0
47,HR,1,3,157,4,0.74,0.42,10072.74,0
46,IT,25,9,148,4,0.63,0.58,13433.45,1
38,Marketing,29,6,141,5,0.74,0.49,10074.07,0
34,Marketing,1,7,171,3,0.73,0.42,10709.54,0
41,Sales,22,8,246,2,0.21,0.99,13119.1,1
46,Sales,12,7,231,4,0.13,0.92,13427.84,1
25,IT,7,7,176,2,0.74,0.86,11821.08,0
31,Marketing,4,5,290,2,0.39,0.97,10056.2,1
24,Sales,21,6,175,2,0.81,0.71,9342.32,0
39,HR,20,3,183,4,1.0,0.78,10371.94,0
57,HR,4,4,255,4,0.32,0.98,12852.62,1
43,Marketing,26,11,146,3,0.69,0.59,13440.0,0
55,Sales,15,3,152,4,0.68,0.59,10913.25,0
29,IT,1,5,175,4,0.86,0.84,11028.99,0
40,IT,6,5,184,2,0.77,0.91,12668.45,0
58,IT,14,4,153,3,0.78,0.99,14657.97,0
27,HR,26,7,240,6,0.11,0.84,10258.56,0
47,Sales,14,7,150,4,0.77,0.85,12232.77,0
55,Sales,10,2,133,4,0.86,0.51,11714.11,0
27,HR,7,5,153,6,0.81,0.35,9135.83,0
58,IT,23,2,213,2,0.34,0.85,13107.66,0
54,IT,24,7,229,3,0.36,0.83,14395.76,0
43,Marketing,23,6,191,2,0.87,0.74,11843.65,0
42,Engineering,22,5,155,5,0.73,0.45,11462.34,0
27,Sales,12,7,203,4,0.88,0.46,9967.96,0
27,Sales,24,4,141,5,0.81,0.33,8392.23,0
25,Sales,19,7,163,4,0.95,0.83,10442.71,0
51,Engineering,9,2,175,5,0.89,0.96,13188.01,0
32,Marketing,3,9,273,6,0.37,0.99,11324.39,0
51,Engineering,4,3,241,4,0.21,0.92,13022.31,1
52,IT,13,0,250,4,0.28,0.87,13169.71,1
45,IT,10,4,198,5,0.84,1.0,14384.17,0
30,Sales,14,4,177,3,0.75,0.35,8033.42,0
24,HR,6,4,151,5,0.83,0.54,9194.71,0
52,Sales,28,6,143,4,0.81,0.38,11900.34,0
58,HR,28,8,144,4,0.89,0.56,14362.14,0
57,Engineering,8,4,221,3,0.97,0.97,14052.57,0
45,IT,19,3,161,2,0.76,0.32,11979.87,0
52,HR,29,2,250,3,0.32,0.9,11450.81,1
27,Engineering,10,4,294,2,0.25,0.83,11709.42,1
23,IT,22,0,140,4,0.68,0.35,9650.96,0
41,HR,5,3,165,6,0.88,0.88,10872.64,0
49,Sales,5,9,136,6,0.65,0.54,12106.75,0
32,Sales,5,3,194,5,0.79,0.98,10769.73,0
25,Sales,9,7,176,3,0.95,0.91,10701.42,0
36,Engineering,29,1,234,3,0.27,0.84,11263.98,1
27,Sales,23,9,271,6,0.23,0.92,12032.03,1
51,Marketing,28,11,236,2,0.35,0.86,13560.63,1
59,IT,9,7,174,3,0.95,0.73,14604.05,0
23,Engineering,15,5,254,2,0.12,0.93,11453.84,1
36,Sales,9,6,122,2,0.74,0.57,10175.5,0
32,IT,29,7,132,2,0.75,0.44,11515.56,0
29,HR,14,9,191,2,0.8,0.91,12053.63,0
47,Sales,6,6,258,5,0.39,0.85,12423.14,1
26,IT,22,0,144,5,0.81,0.42,8347.14,0
27,Marketing,20,7,190,6,0.9,0.52,10041.36,0
47,HR,8,4,117,5,0.89,0.55,11620.52,0
25,Marketing,2,4,174,3,0.81,0.71,9197.91,0
40,IT,5,6,259,5,0.26,0.9,13537.92,1
41,Marketing,17,7,180,3,0.97,0.75,11438.52,0
54,IT,10,5,203,3,0.81,0.83,14184.31,0
41,IT,14,7,139,2,0.76,0.47,11854.88,0
33,Marketing,18,3,188,6,0.96,0.94,10398.42,0
22,IT,1,4,136,2,0.73,0.39,9856.85,0
47,Sales,22,8,224,2,0.12,0.9,12249.77,1
35,IT,2,10,165,5,0.91,0.93,14622.13,0
59,Engineering,28,11,153,5,0.67,0.31,15615.24,0
58,IT,4,6,191,3,0.8,0.77,14301.55,0
32,Engineering,13,8,156,5,0.6,0.37,12169.35,1
57,IT,16,11,159,5,0.75,0.86,15724.96,0
34,IT,5,3,170,4,0.78,0.39,10155.76,0
24,Marketing,23,6,237,3,0.23,0.89,9491.58,0
54,Sales,10,7,137,3,0.75,0.51,12023.77,0
27,Sales,17,9,172,4,0.87,0.8,11214.99,0
31,HR,28,2,227,3,0.83,0.89,9535.43,0
26,Marketing,11,2,147,6,0.76,0.52,8617.99,1
44,Marketing,5,5,195,6,0.91,0.86,10210.67,0
31,Sales,15,6,257,4,0.23,0.88,10469.34,1
23,Marketing,4,5,152,5,0.83,0.47,8560.83,0
34,Sales,7,7,168,6,0.83,0.8,11124.7,0
23,Marketing,10,5,160,4,0.73,0.87,9550.98,0
41,IT,23,6,178,6,0.88,0.92,13356.81,0
22,Sales,24,4,191,2,0.93,0.97,9387.63,0
58,Sales,4,10,247,4,0.36,0.86,14289.2,1
30,Engineering,20,5,208,3,0.75,0.83,11461.46,0
38,Marketing,26,4,112,6,0.78,0.52,10023.58,0
30,Marketing,5,6,241,3,0.25,0.82,10694.25,1
32,Sales,5,6,266,4,0.39,0.82,10689.69,1
36,IT,11,0,165,6,0.89,0.33,9362.01,0
45,IT,19,5,259,3,0.23,0.99,13052.35,1
59,IT,5,5,140,5,0.78,0.49,14132.95,0
56,Marketing,21,3,266,5,0.21,0.98,12841.08,1
51,Engineering,8,8,243,2,0.37,1.0,15526.1,0
52,Sales,7,3,174,4,0.9,0.44,10737.91,0
26,HR,8,6,139,3,0.77,0.46,8379.02,0
35,Engineering,13,5,145,2,0.87,0.54,11772.43,0
32,HR,5,5,154,4,0.74,0.93,10208.25,0
30,Engineering,28,6,215,5,0.78,0.96,12164.15,0
55,IT,27,1,164,3,0.91,0.86,13102.76,0
33,Marketing,18,6,154,6,0.74,0.36,10093.05,0
56,HR,24,12,176,5,0.76,0.9,15443.38,0
56,Engineering,9,0,265,6,0.16,0.93,13544.32,1
22,Marketing,2,4,252,6,0.36,0.95,9958.99,0
43,HR,16,8,171,3,0.83,0.34,11436.06,0
50,Sales,14,6,195,3,0.8,0.82,11589.41,0
29,Engineering,17,7,250,6,0.36,0.83,11849.04,1
32,Sales,28,0,266,2,0.15,0.87,9647.12,1
58,IT,6,7,219,6,0.37,0.99,15459.3,1
35,Sales,3,3,150,6,0.9,0.95,11392.08,0
51,Sales,17,6,182,3,0.86,0.87,12443.56,0
56,Engineering,13,5,221,4,0.32,0.84,15444.38,0
42,IT,6,12,122,5,0.89,0.43,14165.61,0
58,Sales,28,7,159,3,0.83,0.53,12740.61,0
26,Marketing,8,5,147,2,0.97,0.84,9429.29,0
40,HR,25,0,258,5,0.38,0.84,10015.71,1
35,Sales,29,5,183,3,0.95,0.95,10200.13,0
47,IT,6,7,147,3,0.77,0.41,12854.54,0
25,Sales,28,5,194,4,0.86,0.83,9641.38,0
46,HR,16,3,292,2,0.27,0.89,10159.28,1
46,IT,6,3,123,2,0.64,0.3,11553.31,0
39,Engineering,17,7,137,3,0.67,0.51,13383.0,1
29,IT,21,7,137,4,0.65,0.3,11324.37,1
35,Engineering,3,9,225,3,0.33,0.98,13320.99,1
53,IT,23,2,188,6,0.79,0.84,12846.62,0
59,HR,12,7,241,6,0.39,0.85,13867.51,0
54,HR,25,5,213,4,0.79,0.84,12318.18,0
44,IT,29,5,196,3,0.72,0.94,13513.49,0
36,Sales,27,6,131,4,0.62,0.59,10303.57,0
54,HR,6,6,215,3,0.76,0.96,12617.5,0
46,Engineering,21,7,176,3,0.81,0.76,14301.02,0
38,Engineering,7,2,185,6,0.73,0.35,10953.97,0
54,Marketing,11,3,204,5,0.86,0.9,11153.1,0
23,Engineering,9,5,255,2,0.13,0.91,10953.58,1
35,Marketing,16,4,147,2,0.83,0.59,10404.98,0
27,IT,5,6,195,4,0.71,0.79,11488.01,0
27,IT,15,8,127,2,0.67,0.45,11215.13,0
24,IT,21,6,117,6,0.87,0.51,10589.98,0
28,Sales,26,7,123,5,0.74,0.35,9661.68,0
29,Sales,4,8,188,3,0.89,0.81,10828.67,0
36,Marketing,5,0,191,3,0.88,0.81,9177.18,0
50,Engineering,7,4,119,6,0.66,0.53,12690.72,0
54,Engineering,3,6,178,2,0.76,0.75,13712.43,0
51,IT,4,9,127,3,0.93,0.77,14324.81,0
48,HR,25,5,278,2,0.27,0.98,11705.88,1
57,Sales,15,2,249,6,0.36,0.89,12126.18,1
50,Sales,28,3,174,3,0.88,0.87,11926.04,0
59,IT,2,8,158,4,0.9,0.75,14821.79,0
54,Sales,24,4,190,5,0.93,0.8,11453.39,0
58,IT,25,5,182,2,0.81,0.31,12993.06,0
48,Marketing,5,7,235,2,0.17,0.96,13519.32,0
54,Engineering,7,0,144,2,0.79,0.48,11695.98,0
25,HR,22,7,206,2,0.28,0.89,10281.94,0
43,Engineering,17,3,237,6,0.31,0.89,12074.62,1
23,Engineering,8,5,167,6,0.7,0.79,11166.43,0
31,Marketing,9,0,267,6,0.32,0.96,8956.0,1
26,Sales,10,4,180,6,0.91,0.92,9270.14,0
31,HR,11,9,172,3,0.63,0.37,10016.54,0
54,Sales,1,0,137,6,0.7,0.55,10680.52,0
59,Engineering,15,8,230,3,0.14,0.83,15601.34,1
34,IT,8,4,115,4,0.7,0.53,10539.05,0
52,Engineering,19,6,244,6,0.13,0.87,14854.18,1
57,Sales,12,7,169,4,0.81,0.93,13344.89,0
45,Engineering,6,6,170,6,0.88,0.89,12474.24,0
36,IT,10,2,156,4,0.85,0.51,11487.69,0
50,Marketing,24,4,230,5,0.27,0.98,12104.62,0
29,Sales,5,1,192,4,0.83,0.85,9113.66,0
26,Engineering,24,6,157,3,0.62,0.59,11908.93,0
50,Sales,7,10,235,2,0.25,0.81,13108.94,1
25,Marketing,7,0,118,4,0.88,0.56,7850.77,0
33,Engineering,23,3,182,2,0.74,0.81,11905.7,0
23,Engineering,25,4,251,5,0.18,0.9,10335.42,1
48,Sales,22,6,259,5,0.37,0.93,13190.68,1
52,Sales,22,8,201,3,0.84,0.96,12808.18,0
57,IT,27,5,248,3,0.19,0.83,14303.84,1
57,Marketing,9,4,250,4,0.36,0.92,12197.3,1
47,IT,15,8,136,6,0.71,0.49,13923.44,0
48,Engineering,6,7,215,5,0.94,0.78,13485.66,0
26,Sales,16,7,159,2,0.64,0.54,9479.79,0
41,Engineering,7,5,164,6,0.88,0.98,12630.24,0
32,Engineering,15,8,173,5,0.85,0.73,11950.52,0
31,HR,23,3,253,4,0.39,0.81,9231.99,1
59,HR,2,3,212,5,0.81,0.72,12216.84,0
27,Engineering,29,7,159,3,0.79,0.48,11201.02,0
29,Sales,28,0,244,2,0.19,0.89,8571.65,1
44,Engineering,8,5,146,2,0.76,0.33,11726.87,0
47,HR,12,4,162,3,0.62,0.42,10554.36,0
33,Sales,11,1,243,6,0.28,0.9,8612.67,0
47,Engineering,6,2,252,3,0.19,0.96,12378.2,1
34,Marketing,20,5,175,2,0.62,0.56,9902.41,0
39,Marketing,27,8,148,4,0.75,0.72,11886.88,0
46,Engineering,13,3,153,6,0.66,0.34,11762.84,0
54,Sales,23,9,140,5,0.88,0.94,13359.93,0
33,Engineering,16,5,235,4,0.3,0.92,12357.4,1
57,Engineering,8,9,200,6,0.22,0.97,15897.99,1
25,HR,17,3,227,2,0.17,0.8,9722.37,1
26,Marketing,26,5,261,2,0.37,0.97,9296.42,1
58,HR,29,6,299,4,0.12,0.82,13174.32,1
29,HR,13,4,177,6,0.78,0.92,10445.73,0
49,Engineering,4,8,190,5,0.88,0.8,14246.68,0
52,HR,20,0,170,5,0.83,0.87,10489.52,0
30,Marketing,10,12,225,3,0.36,0.97,12137.42,0
50,HR,25,8,169,4,0.93,0.83,13452.24,0
35,Marketing,29,4,150,6,0.66,0.57,9068.61,0
43,HR,22,3,246,4,0.3,0.86,10757.8,1
32,Marketing,20,2,171,5,0.8,0.8,8965.66,0
44,HR,16,7,183,6,0.98,0.77,11633.04,0
22,HR,29,4,235,2,0.4,0.83,9289.41,1
58,Sales,17,5,164,2,0.62,0.56,12227.31,0
42,Marketing,8,8,260,6,0.36,0.88,12477.95,0
47,Marketing,11,2,215,4,0.96,0.79,10268.03,0
57,Marketing,25,2,165,4,0.76,0.45,11606.17,0
44,IT,5,10,174,2,0.75,0.74,14496.04,0
22,HR,21,4,241,2,0.27,0.93,9882.0,0
36,Marketing,26,9,125,5,0.88,0.37,10844.5,0
42,IT,16,2,164,6,0.8,0.52,11568.87,0
30,Sales,24,2,148,4,0.82,0.44,8866.45,0
30,Marketing,8,4,169,5,0.77,0.51,9430.52,0
31,Marketing,21,3,184,4,0.81,0.79,10428.83,0
47,IT,16,7,202,2,0.76,0.71,12891.06,0
56,HR,4,3,205,6,0.88,0.95,12496.86,0
46,Sales,6,1,192,3,0.84,0.96,10619.32,0
47,Marketing,26,5,175,6,0.91,0.78,11515.46,0
32,HR,21,1,155,3,0.77,0.46,9166.59,0
59,Sales,8,0,159,5,0.79,0.72,11021.3,0
23,Engineering,9,5,157,3,0.88,0.49,10711.31,0
28,Engineering,13,0,165,3,0.71,0.45,8680.57,0
39,Sales,17,7,161,5,0.8,0.59,11685.91,0
48,IT,9,1,142,6,0.88,0.5,11591.02,0
55,Sales,13,0,251,5,0.38,0.88,11117.77,1
48,Sales,9,4,183,2,0.71,0.97,11175.75,1
38,IT,6,5,127,2,0.75,0.44,11535.85,0
45,IT,27,6,254,3,0.24,0.97,13389.07,1
46,HR,10,6,166,5,0.6,0.38,12037.58,0
28,HR,5,2,262,5,0.38,0.92,9269.23,1
27,IT,7,7,257,5,0.18,0.98,11971.41,1
45,Engineering,11,8,278,6,0.31,0.98,14050.3,1
54,Engineering,24,1,121,4,0.81,0.41,11341.08,0
50,Sales,9,4,115,4,0.65,0.31,11574.99,0
43,Marketing,25,4,201,4,0.74,0.9,11920.91,0
47,Sales,10,6,146,6,0.98,0.75,11966.77,0
49,Sales,11,4,152,5,0.82,0.53,12242.66,0
42,Marketing,3,5,108,4,0.76,0.38,10454.05,0
28,IT,29,7,148,5,0.87,0.41,11769.17,0
38,Engineering,8,2,176,3,0.86,0.82,11828.01,0
41,Sales,17,7,228,4,0.18,0.83,11565.28,1
41,Marketing,7,8,219,3,0.29,0.94,12478.56,1
43,HR,12,10,145,6,0.82,0.97,13429.32,0
49,Sales,16,0,192,2,0.79,0.59,9419.55,0
28,Engineering,15,4,242,6,0.34,0.81,11259.99,1
22,IT,21,0,209,6,0.19,0.94,10150.55,1
53,Sales,29,0,186,6,0.95,0.92,10793.04,0
34,Sales,13,5,189,4,0.81,0.92,10635.26,0
51,Marketing,18,4,143,3,0.73,0.94,11618.8,0
44,HR,18,6,155,4,0.8,0.49,10943.57,0
40,HR,24,6,187,2,0.66,0.31,10215.64,1
53,IT,5,9,144,6,0.96,0.98,16246.01,0
51,Engineering,14,5,212,5,0.86,0.93,13793.69,0
50,IT,28,14,242,2,0.16,0.87,16183.27,1
50,Sales,11,6,195,3,0.89,0.71,12163.92,0
51,Sales,3,11,260,2,0.22,0.89,13325.33,1
37,HR,17,0,230,4,0.36,0.96,8430.9,0
40,Engineering,27,9,156,5,0.9,0.87,13246.86,0
39,Marketing,23,4,155,4,0.65,0.39,10048.01,0
22,Engineering,27,0,192,6,1.0,0.93,9558.87,0
35,Sales,12,6,242,6,0.38,0.84,11421.03,1
23,Marketing,3,4,190,2,0.7,0.56,7857.26,0
49,Engineering,23,7,148,6,0.96,0.71,13811.35,0
51,Engineering,28,8,206,6,0.82,0.95,14103.31,0
59,Marketing,2,1,260,3,0.19,0.99,12310.88,1
25,Sales,4,7,129,3,0.8,0.38,8662.37,0
22,Engineering,18,4,165,4,0.8,0.95,10679.19,0
29,Marketing,20,9,272,4,0.26,0.81,11327.87,1
50,Sales,21,4,183,3,0.76,0.85,11695.89,0
24,Marketing,14,4,181,2,0.91,0.98,8433.27,0
53,Marketing,8,5,250,3,0.27,0.92,13471.25,1
31,Engineering,2,5,252,4,0.11,0.94,11740.83,1
31,Sales,26,3,285,5,0.37,0.96,9113.48,1
40,Engineering,19,4,197,6,1.0,0.73,12535.0,0
55,IT,10,1,274,5,0.3,0.86,13412.64,0
54,IT,28,4,182,5,0.65,0.36,12672.96,0
44,Sales,29,7,164,6,0.79,0.34,11945.06,0
49,Marketing,5,5,139,3,0.7,0.45,10922.49,0
53,Engineering,11,8,280,2,0.38,0.85,14978.68,1
28,Engineering,28,4,218,5,0.33,0.98,11716.06,0
50,Sales,28,1,159,2,0.97,0.93,11922.98,0
29,Sales,9,7,173,4,0.91,0.9,9825.02,0
22,IT,16,3,171,5,0.71,0.95,11647.86,0
24,HR,26,4,218,4,0.3,0.89,9958.7,1
45,Sales,27,9,178,3,0.73,0.32,12064.1,0
44,HR,5,2,169,5,0.97,0.82,10248.27,0
29,Sales,15,5,277,4,0.23,0.94,9839.22,1
58,Marketing,14,5,174,4,0.88,0.73,12910.27,0
24,Marketing,9,6,242,3,0.89,0.76,9958.95,0
54,IT,20,8,272,2,0.36,0.89,15267.43,1
49,IT,26,6,178,2,0.78,0.77,13818.46,0
29,HR,5,4,181,5,0.83,0.76,9828.29,0
55,Sales,15,6,224,3,0.33,0.89,11996.94,1
56,Engineering,9,9,122,5,0.86,0.47,14599.21,0
53,IT,4,5,144,2,0.82,0.57,12746.61,0
45,Engineering,21,4,163,3,0.89,0.31,11794.66,0
35,Engineering,21,6,231,6,0.21,0.98,13411.55,0
53,Sales,4,5,131,3,0.69,0.48,11313.04,0
37,HR,20,1,186,3,0.83,0.92,9481.4,0
25,Sales,27,6,164,6,0.66,0.58,9034.85,0
58,IT,21,1,252,4,0.18,0.83,12902.0,1
42,Engineering,28,6,162,4,0.73,0.74,13260.29,0
35,Sales,22,3,174,4,0.69,0.38,9562.59,0
52,Sales,7,5,187,2,0.93,0.78,12992.09,0
39,Sales,15,6,135,3,0.67,0.59,10376.91,0
28,IT,22,10,210,6,0.31,0.92,13477.04,0
31,HR,17,7,249,2,0.2,0.91,11446.72,0
28,Sales,18,9,174,6,0.74,0.9,12125.25,0
54,IT,7,11,254,2,0.16,0.89,15507.9,1
44,Engineering,19,6,152,2,0.73,0.71,12112.07,0
42,Marketing,28,6,258,2,0.12,0.99,11843.01,1
40,IT,10,2,134,6,0.62,0.33,12169.24,0
40,Marketing,27,5,159,5,0.75,0.44,9831.29,0
57,Sales,13,3,207,2,0.84,0.81,12457.17,0
50,Sales,2,4,150,4,0.98,0.88,10853.48,0
39,IT,22,11,258,3,0.11,0.99,15585.5,1
23,Marketing,27,5,134,5,0.69,0.43,7726.45,0
22,Sales,20,2,260,5,0.27,0.86,7329.5,1
26,Engineering,28,8,117,6,0.65,0.56,11664.94,0
41,HR,11,8,118,5,0.65,0.41,11389.02,0
32,HR,5,8,174,6,0.96,0.81,11927.52,0
23,Sales,6,0,173,6,0.96,0.82,8360.39,0
24,Marketing,3,6,175,4,0.6,0.38,7964.04,0
44,Sales,1,3,158,2,0.64,0.33,9890.39,0
33,Marketing,3,7,208,5,0.98,0.93,10902.14,0
41,Engineering,3,13,189,2,0.83,0.93,14687.55,0
26,Marketing,22,8,238,2,0.21,0.85,10914.47,0
58,Sales,4,2,182,2,0.89,0.4,11731.18,0
59,Engineering,7,1,164,6,0.88,0.58,12457.13,0
51,IT,29,9,237,2,0.23,0.98,15100.58,0
30,HR,15,5,219,5,0.24,0.95,10264.63,1
55,Sales,11,3,246,6,0.16,0.89,11839.63,1
56,Sales,18,7,157,5,0.93,0.88,13249.35,0
43,Sales,12,5,269,6,0.24,0.81,11086.9,1
45,Engineering,4,7,247,3,0.35,1.0,14158.27,1
38,IT,24,5,249,3,0.15,0.93,12367.79,1
31,Marketing,11,7,196,3,0.88,0.94,11286.27,0
51,IT,6,2,164,3,0.91,0.8,12498.63,0
44,Engineering,26,9,170,6,0.76,0.34,13611.73,0
53,Sales,19,7,147,2,0.73,0.55,12197.9,0
38,HR,26,7,183,4,0.88,0.76,11717.99,0
38,Sales,28,2,303,4,0.22,0.82,9623.56,1
35,Marketing,18,10,246,3,0.23,0.81,12571.79,0
30,HR,15,5,232,2,0.19,0.99,9581.21,0
23,Sales,3,5,287,5,0.21,0.95,9700.22,1
46,HR,17,4,155,2,0.68,0.58,10681.57,0
30,IT,1,6,164,5,0.86,0.95,12175.7,0
43,Engineering,2,6,174,4,0.9,0.7,12411.66,0
25,Sales,19,0,153,2,0.74,0.36,7118.38,0
47,Marketing,29,7,180,2,0.84,0.95,12135.82,0
50,IT,9,11,236,4,0.25,0.9,15479.25,0
55,Sales,8,7,269,2,0.26,0.84,13123.98,1
44,IT,12,2,144,5,0.73,0.45,11555.49,0
58,Marketing,27,7,178,2,0.96,0.75,13437.47,0
32,Sales,27,8,253,5,0.29,0.8,12149.14,1
27,Marketing,15,7,149,3,0.63,0.43,9399.25,0
39,HR,25,5,172,2,0.79,0.97,11276.74,0
42,Marketing,23,4,190,5,0.72,0.89,12768.44,0
57,HR,7,4,159,4,0.8,0.9,12591.47,0
59,Sales,21,7,163,3,0.86,0.32,13111.77,0
55,HR,16,1,285,2,0.16,1.0,12087.7,1
38,Sales,7,4,138,5,0.65,0.48,11133.31,1
58,Sales,20,10,257,2,0.32,0.86,13810.47,1
46,Engineering,21,10,203,5,0.82,0.87,14062.3,0
59,Sales,12,1,116,2,0.77,0.35,10340.38,0
33,HR,17,2,128,3,0.72,0.53,9043.06,0
44,Engineering,11,4,166,3,0.84,0.98,12562.49,0
43,Engineering,4,8,116,2,0.84,0.46,12060.89,0
42,Sales,19,0,119,2,0.76,0.32,8369.83,0
48,Marketing,2,5,166,6,1.0,0.79,12069.3,0
52,Marketing,2,4,191,2,0.97,0.9,11753.94,0
27,Engineering,24,9,139,2,0.95,0.97,13401.23,0
48,Sales,17,0,243,3,0.15,0.87,9973.14,1
55,Marketing,24,5,147,2,0.78,0.56,12119.96,1
33,Sales,9,4,151,4,0.81,0.92,10148.56,0
28,Sales,22,9,279,2,0.14,0.94,11477.97,1
31,Engineering,1,7,252,6,0.36,0.94,12718.77,1
38,Engineering,10,3,165,5,0.93,0.73,12458.95,0
47,IT,28,8,244,3,0.35,0.91,14767.13,1
42,Marketing,23,4,160,4,0.96,0.97,11133.37,0
49,Marketing,15,8,166,5,0.75,0.48,12562.89,1
23,Marketing,21,4,160,4,0.64,0.54,8961.17,1
22,HR,15,4,256,3,0.24,0.89,10202.73,1
57,Sales,25,6,125,6,0.98,0.86,13150.36,0
47,Engineering,23,15,166,3,0.89,0.35,15366.72,0
50,Marketing,21,5,161,4,0.8,0.48,12120.3,0
42,IT,29,6,177,4,0.87,0.96,12417.3,0
32,Marketing,2,4,182,3,0.95,0.82,9946.12,0
32,Sales,14,5,206,2,0.78,0.96,10969.03,0
57,Sales,4,0,144,3,0.68,0.3,10825.96,0
56,Engineering,18,6,133,6,0.75,0.33,12455.46,1
55,HR,9,9,198,3,0.83,0.73,12983.09,0
45,Engineering,2,6,188,5,0.79,0.93,12422.55,0
43,Marketing,2,1,230,2,0.38,0.94,10908.4,0
26,IT,18,3,258,5,0.34,0.82,10745.82,0
54,Engineering,17,0,174,3,0.91,0.89,13393.24,0
57,HR,9,8,143,2,0.8,0.42,12963.1,0
41,Engineering,8,2,219,5,0.97,0.8,12922.19,0
40,Sales,2,5,151,5,0.69,0.56,10152.16,0
56,Marketing,2,5,278,2,0.14,0.84,12602.46,1
38,Marketing,5,9,170,2,0.9,0.82,12337.44,0
55,Marketing,12,5,273,4,0.34,0.87,12384.2,1
30,Marketing,29,7,166,2,0.65,0.31,9928.62,0
47,Marketing,28,7,145,3,0.67,0.36,11468.58,0
23,Marketing,16,5,136,6,0.89,0.31,8330.54,0
30,IT,14,4,201,4,0.71,0.98,11588.04,0
30,HR,20,11,174,2,0.74,0.87,12383.77,0
38,Marketing,2,0,177,6,0.71,0.73,9097.89,0
22,HR,24,4,207,4,0.12,0.95,8744.25,1
46,Marketing,8,2,246,3,0.23,0.99,11205.16,1
46,Engineering,29,4,143,6,0.87,0.51,12012.45,0
56,Marketing,4,7,194,2,0.81,0.88,12968.62,0
24,Sales,20,6,183,2,0.89,0.84,9023.53,0
58,IT,9,7,179,3,0.95,0.83,15526.55,0
51,Engineering,20,1,144,4,0.82,0.38,11992.99,0
59,Engineering,26,9,135,6,0.72,0.3,15413.63,0
55,Sales,27,2,135,3,0.84,0.41,10916.9,0
33,Marketing,25,3,252,4,0.15,0.98,10695.15,1
40,IT,19,7,265,5,0.28,0.99,13108.28,0
58,Engineering,2,4,171,5,1.0,0.89,13323.73,0
38,IT,16,6,269,4,0.34,0.96,12636.87,1
31,Engineering,11,0,212,2,0.35,0.94,10372.27,0
33,Marketing,8,6,241,2,0.11,0.87,11014.91,1
37,Engineering,12,6,169,5,0.97,0.71,13062.56,0
45,Engineering,3,3,163,2,0.67,0.39,11846.78,0
40,HR,13,0,225,2,0.77,0.75,10627.24,0
29,Marketing,2,4,166,4,0.77,0.85,9861.43,0
52,Sales,13,5,148,4,0.82,0.4,11547.67,0
42,Sales,27,4,209,2,0.9,0.78,11136.86,0
38,Marketing,8,0,257,4,0.38,0.85,9693.93,1
44,Sales,15,10,230,6,0.2,0.89,13368.0,0
58,Marketing,24,3,179,5,0.8,0.74,11572.91,0
37,Sales,21,4,201,6,0.89,0.98,11295.79,0
27,HR,9,0,155,6,0.64,0.51,8966.58,0
29,Sales,11,10,135,2,0.72,0.36,10182.2,0
46,Engineering,22,4,146,2,0.81,0.38,12031.03,0
39,Marketing,21,5,249,6,0.19,0.82,10362.04,1
46,IT,28,8,272,6,0.27,0.91,14703.73,1
33,IT,3,3,238,3,0.22,0.84,11752.49,1
36,Marketing,7,8,257,3,0.13,0.94,11132.04,1
47,HR,14,0,126,5,0.76,0.79,9627.84,0
47,Sales,15,7,224,6,0.31,0.92,11608.54,1
53,HR,9,10,229,4,0.29,0.94,14970.81,0
31,IT,20,3,126,3,0.73,0.39,9865.12,0
37,Marketing,11,8,181,2,1.0,0.94,11921.33,0
28,Marketing,7,10,229,6,0.36,0.95,11511.37,1
38,HR,12,4,277,4,0.16,0.88,11253.94,1
44,HR,19,4,150,4,0.85,0.57,11075.94,0
47,Sales,27,2,183,4,0.85,0.91,11419.98,0
42,Engineering,18,3,130,2,0.67,0.43,11053.0,1
43,Engineering,13,3,174,3,0.89,0.78,12594.81,0
28,Sales,11,2,171,4,0.77,1.0,9856.3,0
35,Engineering,1,9,202,3,0.79,0.74,13502.3,0
36,IT,6,3,182,5,0.9,0.79,10933.12,0
28,Engineering,21,6,167,2,0.77,0.51,10564.04,0
30,Sales,2,5,274,3,0.36,0.97,11316.6,1
29,Engineering,13,9,201,3,0.87,0.83,13729.89,0
44,Marketing,13,3,159,4,0.6,0.6,10460.21,1
50,HR,19,6,243,4,0.15,0.89,12552.46,1
39,IT,9,7,188,2,0.84,0.74,13058.26,0
52,Marketing,19,9,222,3,0.22,0.84,13860.36,1
51,Marketing,23,3,120,6,0.9,0.6,10475.64,0
56,Sales,1,3,140,4,0.63,0.52,11650.79,0
39,HR,23,2,137,4,0.75,0.47,8926.45,0
38,HR,25,12,190,5,0.77,0.93,13243.85,0
35,IT,28,9,245,2,0.3,0.89,13032.63,1
52,Sales,27,5,130,3,0.84,0.55,11466.61,0
45,IT,8,11,124,3,0.88,0.35,14089.64,0
56,Engineering,23,5,192,3,0.71,0.84,13963.78,0
55,Marketing,26,7,193,4,0.98,0.86,12770.5,0
24,IT,14,5,146,2,0.63,0.48,11079.97,1
58,Marketing,24,6,182,3,0.75,0.7,12465.1,0
47,Sales,16,6,238,6,0.28,0.98,11299.47,1
44,Engineering,29,4,199,5,0.99,0.79,12957.15,0
36,Sales,4,8,157,5,0.87,0.56,10983.61,0
25,Engineering,18,7,210,3,0.74,0.86,11804.51,0
50,Engineering,14,8,255,4,0.21,0.96,14895.98,1
43,Marketing,27,6,253,5,0.1,0.96,12658.97,1
46,Sales,9,2,150,5,0.88,0.54,11205.48,0
34,Sales,15,10,176,5,0.89,1.0,12518.87,0
39,IT,3,4,172,5,0.72,0.4,10811.28,0
54,Sales,27,6,188,3,0.98,0.94,13154.86,0
37,IT,4,7,149,2,0.73,0.49,12575.54,0
23,HR,23,5,173,2,0.67,0.35,9003.65,0
56,HR,18,8,244,4,0.1,0.94,13955.94,1
55,HR,14,8,171,6,0.79,0.87,13355.96,0
51,Sales,15,4,207,2,0.22,0.93,11716.48,1
34,Sales,8,10,179,6,0.79,0.72,11781.94,0
34,IT,28,4,213,2,0.97,0.91,11164.59,0
39,Engineering,10,6,166,2,0.93,0.93,13265.17,0
53,IT,24,4,124,4,0.74,0.43,12946.59,0
53,HR,12,3,188,5,0.98,0.97,12235.13,0
56,IT,21,8,186,4,1.0,0.96,15783.25,0
50,Engineering,9,14,257,2,0.17,0.82,17064.86,1
50,Sales,8,4,179,5,0.99,0.79,11742.4,0
37,IT,17,9,241,5,0.17,0.94,13814.4,1
31,HR,9,4,142,5,0.77,0.32,8761.66,0
51,HR,13,5,227,6,0.16,0.96,12792.64,1
46,Sales,14,10,232,2,0.22,0.82,13233.56,0
41,IT,5,2,149,3,0.64,0.37,11521.3,0
26,Engineering,9,1,139,4,0.86,0.58,10121.79,0
22,Sales,25,4,199,6,0.78,0.86,9287.53,0
51,IT,26,7,267,4,0.32,1.0,14657.54,1
24,Marketing,26,6,160,3,0.85,0.5,9070.45,0
35,HR,16,6,240,5,0.39,0.9,11344.59,1
51,Engineering,19,5,166,3,0.66,0.46,13270.39,1
25,Engineering,24,7,174,4,0.84,0.96,11889.84,0
39,Engineering,23,0,141,3,0.83,0.33,10201.21,0
58,HR,7,3,158,2,0.8,0.82,11945.18,0
46,IT,12,5,157,3,0.86,0.43,12693.99,0
22,Sales,26,4,166,2,0.98,0.84,8735.63,0
36,IT,2,9,141,3,0.6,0.46,13105.31,0
30,Sales,18,2,118,2,0.63,0.42,8276.68,0
36,Engineering,18,9,192,2,0.75,0.93,14501.76,1
45,IT,16,4,257,3,0.38,0.82,12859.73,0
25,Engineering,29,5,176,6,0.8,0.9,11411.57,0
33,Marketing,11,7,183,5,0.72,0.77,10246.07,0
58,Engineering,2,4,180,5,0.88,0.43,14060.52,0
58,Engineering,14,8,265,5,0.36,0.89,15460.61,1
27,Sales,4,4,243,2,0.35,0.84,10454.02,1
45,Marketing,7,4,172,5,0.89,0.72,11167.73,0
32,Engineering,2,8,187,2,0.72,0.82,12633.07,0
34,Engineering,21,3,248,6,0.27,0.97,11486.23,1
55,Marketing,14,6,158,3,0.62,0.52,12670.56,0
46,Marketing,7,0,150,3,0.77,0.43,9729.11,0
28,IT,9,10,140,2,0.8,0.93,12487.19,0
25,Sales,8,7,218,2,0.26,0.98,10266.29,1
29,Marketing,9,11,255,6,0.36,0.91,12384.13,0
41,Marketing,7,9,200,5,0.76,0.89,12251.87,0
50,HR,19,2,241,6,0.24,0.95,11082.06,1
31,Marketing,17,7,240,3,0.13,0.88,11056.53,1
55,Sales,26,2,164,3,0.8,0.9,11933.79,0
47,Engineering,23,10,207,5,0.93,0.92,14817.72,0
24,Engineering,13,2,250,3,0.23,0.82,11033.25,1
27,Engineering,11,2,257,2,0.27,0.99,10706.42,1
26,Engineering,22,0,277,3,0.29,0.99,9439.73,0
26,HR,18,4,241,4,0.23,0.87,8723.1,1
44,Marketing,17,3,140,5,0.82,0.74,11300.7,0
30,Engineering,28,1,145,5,0.89,0.42,9093.89,0
56,IT,16,11,184,5,0.86,0.71,15829.6,0
41,Engineering,10,7,169,4,0.93,0.87,13011.56,0
56,Marketing,4,6,152,6,0.66,0.32,11993.54,0
39,Engineering,4,10,289,2,0.19,0.93,14424.97,1
38,HR,22,6,173,5,0.76,0.38,9681.05,0
45,Sales,11,3,187,3,0.77,0.74,10654.39,0
24,Sales,21,0,201,2,0.76,0.75,7569.53,0
53,Marketing,25,3,229,3,0.36,0.95,11614.41,0
56,Sales,8,10,214,2,0.78,0.99,14399.84,0
59,Sales,9,1,159,2,0.84,0.39,10669.17,0
34,IT,16,6,192,3,0.79,0.83,12792.43,0
46,Marketing,10,8,230,3,0.16,0.82,12286.53,1
30,Marketing,23,6,168,2,0.85,0.6,10222.78,0
25,Sales,9,6,191,5,0.72,0.84,10191.73,0
35,Sales,3,7,162,3,0.83,0.4,9658.84,0
58,Sales,25,6,146,4,0.74,0.48,12304.13,0
55,HR,2,10,256,4,0.4,0.93,14313.07,1
32,Engineering,9,2,231,2,0.24,0.92,11278.06,1
24,HR,13,6,131,6,0.63,0.33,8750.25,1
49,Marketing,6,0,162,2,0.8,0.93,11278.67,0
50,IT,4,0,254,2,0.36,0.92,12392.92,1
30,Engineering,28,5,147,5,0.89,0.5,11224.87,0
24,IT,14,6,153,5,0.89,0.71,10820.87,0
46,Marketing,28,10,241,6,0.1,0.83,13481.8,1
55,Marketing,29,12,118,6,0.75,0.34,14751.01,0
33,IT,11,9,176,6,0.9,0.88,13520.98,0
30,IT,2,7,165,6,0.75,0.81,12777.6,0
36,IT,29,5,166,6,0.89,0.86,12182.57,0
46,Marketing,26,0,156,2,0.88,0.96,10978.64,0
26,Sales,3,5,222,2,0.33,0.91,10427.14,0
32,IT,5,9,152,4,0.96,0.71,12946.27,0
55,Engineering,25,8,246,4,0.4,0.93,15228.37,1
45,Marketing,7,1,181,3,0.88,0.85,9743.32,0
36,HR,11,7,252,2,0.13,0.86,11394.98,1
59,HR,12,7,199,6,0.82,0.72,13726.22,0
29,Engineering,29,6,184,3,0.91,0.91,11639.09,0
26,Sales,11,5,228,5,0.83,0.88,9220.92,0
47,IT,19,7,216,2,0.17,0.99,14327.48,0
39,Marketing,13,7,165,4,0.73,0.54,11198.74,0
27,IT,4,3,156,2,0.75,0.79,10002.02,0
58,Marketing,14,6,202,2,0.94,0.74,13098.66,0
34,HR,12,4,213,2,0.33,0.81,10372.3,1
49,IT,27,1,200,2,0.77,0.89,13130.78,0
26,Engineering,2,3,170,5,0.85,1.0,10756.7,0
34,Sales,8,0,191,4,0.3,0.82,10083.84,0
38,Engineering,22,8,209,2,0.8,0.72,13172.11,0
53,Sales,19,6,148,5,0.75,0.4,11300.31,0
50,IT,13,4,164,3,0.62,0.47,12465.08,1
24,IT,21,6,120,2,0.89,0.33,9810.37,0
55,Sales,21,5,144,5,0.66,0.44,11800.24,0
48,HR,28,1,194,6,1.0,0.73,10795.93,0
34,Marketing,1,4,146,3,0.62,0.56,9847.46,0
54,Engineering,29,10,175,4,0.99,0.9,15135.65,0
27,Engineering,5,3,208,2,0.93,0.93,10338.44,0
45,Engineering,22,6,183,2,0.88,0.79,13598.42,0
40,IT,26,7,279,5,0.27,0.91,13735.45,1
37,Engineering,26,7,170,4,0.73,0.93,12921.63,0
49,Marketing,27,12,175,6,0.71,0.31,11854.8,1
54,Marketing,11,1,218,3,0.14,0.98,11090.41,0
34,Sales,11,2,229,4,0.12,0.99,10465.15,0
46,IT,13,2,174,2,0.72,0.52,11375.22,0
57,Marketing,2,4,174,5,0.88,0.9,12529.37,0
48,HR,19,8,101,6,0.9,0.36,12205.02,0
59,IT,16,2,195,5,0.83,0.79,13421.96,0
28,IT,26,8,265,3,0.19,0.82,13031.27,1
26,Marketing,5,5,153,4,0.6,0.43,8769.75,0
52,HR,14,2,179,5,0.84,0.78,10923.52,0
44,Sales,29,0,163,5,0.97,0.85,10685.78,0
31,Marketing,19,0,254,2,0.21,0.99,9101.59,1
53,HR,5,3,164,5,0.78,0.4,10467.5,0
51,IT,21,4,254,6,0.18,0.9,13837.96,0
52,HR,24,9,165,4,0.89,0.35,12456.27,0
39,IT,26,7,209,3,0.9,0.81,12537.8,0
57,Marketing,9,2,172,5,0.79,0.91,12158.08,0
23,Marketing,24,5,222,6,0.16,0.8,9324.27,1
35,Engineering,12,10,153,3,0.99,0.83,12815.31,0
34,Engineering,16,11,157,6,0.84,0.54,12740.56,0
50,Engineering,19,4,159,5,0.63,0.57,13779.91,1
33,Marketing,15,8,125,5,0.9,0.56,10870.09,0
23,Sales,17,5,209,4,0.99,0.8,10078.89,0
53,Marketing,15,0,150,2,0.65,0.5,10450.25,0
34,HR,3,3,141,6,0.7,0.4,9723.29,1
48,Marketing,17,12,191,2,0.84,0.35,13371.43,0
38,Marketing,13,4,261,2,0.34,0.81,10152.53,1
52,IT,27,0,158,3,0.96,0.78,12555.02,0
55,IT,9,5,161,3,0.7,0.46,12945.88,0
45,IT,28,8,238,6,0.33,0.83,14522.8,0
56,Marketing,13,5,203,2,0.84,0.93,13073.76,0
27,Sales,16,7,151,4,0.72,0.88,10574.6,1
40,HR,19,8,153,2,0.75,0.95,12079.08,0
51,HR,14,4,132,3,0.85,0.32,11329.31,0
28,Sales,8,3,259,2,0.22,0.87,9369.18,1
31,Sales,22,5,144,5,0.83,0.32,8283.41,0
53,HR,19,6,244,5,0.31,0.91,12053.79,1
55,Engineering,25,5,192,4,0.87,0.85,13565.82,0
49,IT,24,5,263,6,0.25,0.89,14074.53,0
36,IT,3,3,234,2,0.24,0.99,12413.53,1
51,HR,23,7,153,5,0.68,0.5,12372.15,0
58,Sales,21,7,159,6,0.86,0.55,13153.69,0
50,Engineering,18,1,182,5,0.81,0.88,13283.14,0
43,HR,16,4,125,6,0.67,0.52,10717.67,0
25,IT,14,5,244,6,0.26,0.88,11583.55,0
41,Marketing,16,3,257,5,0.39,0.83,10651.74,1
53,Sales,24,7,178,3,0.63,0.33,11836.8,1
57,Marketing,17,5,257,6,0.21,1.0,13051.04,1
25,HR,20,6,219,2,0.83,0.75,10815.65,0
48,IT,11,4,142,5,0.85,0.44,11831.9,0
38,Engineering,13,0,148,3,0.88,0.78,11017.56,0
33,Marketing,11,0,187,5,0.99,0.85,8232.32,0
43,Engineering,28,7,193,4,0.8,0.75,13103.64,0
38,IT,29,6,169,2,0.88,0.97,13434.86,0
31,Marketing,4,6,250,4,0.17,0.82,9643.47,1
22,Engineering,29,4,245,6,0.4,0.94,11230.36,1
43,Engineering,26,6,138,6,0.69,0.56,13749.89,0
47,Marketing,14,8,198,4,0.74,0.77,12818.38,0
39,IT,5,6,163,4,0.84,0.83,13485.88,0
35,Engineering,4,8,169,6,0.93,1.0,13518.08,0
50,HR,1,6,234,3,0.33,0.86,12873.92,0
33,Marketing,14,4,165,2,0.74,0.87,10457.68,0
57,Sales,7,6,126,5,0.78,0.51,12268.27,0
56,Sales,10,2,270,4,0.2,0.94,11772.76,1
33,IT,27,4,121,2,0.7,0.36,11318.3,0
28,HR,2,6,234,5,0.13,0.97,10510.95,1
50,Engineering,10,5,151,5,0.86,0.37,12660.96,0
32,Sales,3,5,147,4,0.66,0.42,9454.82,0
54,IT,21,1,161,3,0.62,0.37,12088.97,0
27,HR,8,7,191,3,0.76,0.8,9808.79,0
36,HR,10,8,211,2,0.74,0.72,11353.43,0
53,IT,8,10,184,2,0.95,0.94,15839.31,0
32,IT,14,6,125,6,0.6,0.36,10572.54,0
44,Engineering,18,5,209,3,0.99,0.9,13303.86,0
47,IT,9,2,171,2,0.99,0.76,11872.05,0
55,Engineering,22,9,266,6,0.4,0.83,15519.29,1
55,Engineering,9,6,126,5,0.75,0.54,14954.96,0
50,Marketing,4,6,200,2,0.4,0.89,12509.69,0
25,HR,3,4,258,6,0.28,0.81,8782.5,1
38,HR,14,4,199,3,0.82,0.7,10528.24,0
56,HR,14,7,169,5,0.88,0.7,13344.7,0
34,Marketing,21,2,239,2,0.3,0.81,9153.02,0
36,Engineering,16,10,216,3,0.79,0.74,12730.42,0
50,Engineering,5,9,197,5,0.92,0.78,14286.21,0
50,IT,20,4,192,4,0.73,0.72,13123.03,0
32,Marketing,29,2,247,3,0.17,0.85,9275.04,1
53,IT,23,0,201,4,0.73,0.88,13102.09,0
23,Marketing,24,1,177,2,0.86,0.45,7750.41,0
35,IT,15,7,172,6,0.64,0.39,11924.64,1
41,Sales,21,6,281,2,0.26,0.94,10900.71,1
43,HR,9,6,278,3,0.29,0.98,12367.73,1
32,HR,7,0,188,4,0.77,0.9,9996.5,0
48,Engineering,13,4,164,4,0.87,0.42,12762.59,0
24,Sales,29,6,267,5,0.12,0.92,9703.76,1
38,HR,23,5,248,2,0.14,0.99,11218.75,1
49,Engineering,8,1,180,2,0.74,0.88,12686.22,0
50,Sales,12,5,205,3,0.2,0.81,12807.29,1
42,HR,4,3,196,4,0.73,0.94,10628.28,0
37,IT,16,6,239,3,0.37,0.95,12669.88,0
58,Marketing,26,5,261,3,0.18,0.84,12961.83,1
41,Sales,29,7,162,4,0.83,0.58,11303.41,0
27,Engineering,29,1,157,3,0.79,0.42,9728.78,0
40,Sales,6,4,184,4,0.73,0.32,9976.34,1
26,Engineering,5,8,108,3,0.77,0.38,10567.84,1
24,Sales,1,1,203,6,0.84,0.84,8054.07,0
22,Engineering,14,2,171,3,0.84,0.88,9748.19,0
59,HR,29,6,243,3,0.37,0.97,12539.04,1
36,IT,9,6,160,6,0.61,0.38,12121.46,1
55,HR,18,4,167,2,0.78,0.97,12711.83,0
56,IT,6,4,154,4,0.64,0.35,12723.07,0
46,HR,15,7,237,5,0.29,0.95,13045.47,0
45,HR,16,8,160,6,0.77,0.81,12665.92,0
33,Sales,8,2,178,2,0.97,0.87,9002.01,0
39,Marketing,19,6,184,3,0.61,0.32,10643.31,0
36,Engineering,5,10,264,2,0.26,0.94,14674.0,1
37,Engineering,14,5,231,6,0.34,0.88,12394.81,0
48,Engineering,7,2,202,3,0.92,0.82,12508.89,0
29,IT,4,2,265,2,0.4,0.87,10792.04,0
46,Engineering,28,5,162,5,0.72,0.35,11690.42,0
38,Engineering,21,8,130,4,0.88,0.42,12607.47,0
50,Sales,1,5,213,4,0.15,0.86,11768.29,1
29,HR,4,6,172,6,0.77,0.92,10538.33,0
36,Engineering,14,2,166,3,0.7,0.86,11506.48,0
48,Marketing,23,8,196,3,0.88,0.9,13266.73,0
28,Engineering,16,2,270,4,0.3,0.89,10962.12,0
24,IT,28,3,240,2,0.33,0.86,10064.66,1
50,IT,26,7,153,3,0.63,0.32,13336.89,0
45,IT,7,0,232,5,0.12,0.87,12212.82,1
24,Engineering,10,6,195,5,0.93,0.79,10699.92,0
41,Sales,10,2,266,3,0.17,0.95,11464.08,1
36,Marketing,4,5,152,3,0.82,0.42,9452.26,0
46,Engineering,12,4,120,4,0.88,0.49,13097.49,0
51,Sales,6,11,217,6,0.75,0.9,13732.24,0
35,Sales,13,4,219,4,0.32,0.9,10477.87,1
28,Engineering,21,10,128,6,0.84,0.52,12236.84,0
38,Engineering,1,7,256,5,0.35,0.99,12690.96,1
41,Sales,8,3,197,6,0.74,0.85,11042.04,0
57,Sales,28,6,233,4,0.32,0.83,13531.12,1
30,Sales,23,4,175,3,0.96,0.75,10018.45,0
59,Engineering,16,6,208,6,0.8,0.75,14570.7,0
43,Sales,5,3,229,4,0.15,0.93,10713.88,1
23,IT,29,5,182,5,0.73,0.72,11292.96,0
45,Engineering,26,8,251,6,0.32,0.94,14391.47,1
29,IT,26,5,166,5,0.73,0.97,11464.1,0
32,HR,7,10,155,5,0.87,0.51,11326.21,0
34,Engineering,26,5,174,2,0.69,0.37,10293.33,0
38,HR,3,8,139,6,0.7,0.49,11230.99,0
29,Sales,24,5,235,4,0.24,0.85,10421.11,1
42,Sales,21,6,195,6,0.88,0.98,11864.2,0
39,Marketing,2,5,273,6,0.27,0.9,11550.63,1
51,Sales,2,5,173,5,0.76,0.97,12943.44,0
39,HR,20,6,145,5,0.83,0.35,10543.03,0
52,Sales,23,3,175,5,0.81,0.71,12401.01,0
59,Engineering,10,4,245,5,0.12,0.93,15139.64,1
53,Sales,20,4,144,4,0.85,0.41,11637.66,0
32,Marketing,9,6,157,3,0.7,0.35,9868.01,0
46,Sales,18,5,207,2,0.89,0.83,11623.74,0
54,HR,6,9,261,5,0.26,0.93,13627.47,1
59,HR,20,8,277,5,0.38,0.86,14418.37,1
29,Sales,6,4,232,2,0.28,0.84,9671.84,0
32,HR,26,9,155,5,0.81,0.84,11073.66,0
43,HR,25,11,243,3,0.38,0.95,13103.85,0
45,Marketing,10,0,155,6,0.74,0.5,9172.94,0
38,Engineering,28,8,217,2,0.34,0.81,14191.28,0
33,Marketing,25,3,152,4,1.0,0.84,10296.86,0
53,IT,9,7,161,2,0.75,0.94,14792.08,0
36,Marketing,9,9,190,3,0.89,0.42,11355.16,0
37,Sales,3,2,145,4,0.73,0.47,9500.25,0
43,Engineering,12,0,239,6,0.12,0.94,11244.21,1
49,Sales,11,8,263,5,0.2,0.9,12508.74,1
41,IT,14,5,217,2,0.28,0.86,13340.71,1
54,Engineering,25,0,194,4,0.72,0.7,11626.66,0
31,HR,19,13,148,2,0.63,0.54,12066.63,1
53,Marketing,10,7,190,6,0.85,0.74,12527.24,0
54,Sales,19,7,162,2,0.77,0.34,12297.29,0
23,IT,5,5,183,4,0.76,0.93,11032.21,0
54,HR,22,3,143,3,0.61,0.41,11392.29,0
54,Marketing,9,5,133,4,0.65,0.41,10568.4,1
34,HR,1,1,262,2,0.23,0.86,9980.57,1
51,Marketing,15,3,154,6,0.72,0.36,11083.1,0
54,Engineering,24,6,121,5,0.68,0.56,14318.17,0
34,HR,4,0,225,5,0.74,0.83,9518.03,0
47,HR,26,3,149,6,0.78,0.98,11722.8,0
43,HR,7,2,151,2,0.72,0.56,9705.43,0
23,Engineering,6,5,262,6,0.26,0.87,11252.9,1
59,IT,15,7,138,2,0.79,0.44,14525.61,0
47,Marketing,6,7,150,4,0.67,0.4,12038.83,0
36,HR,7,8,261,3,0.22,0.9,12119.39,1
55,Engineering,20,9,186,2,0.93,0.8,15351.18,0
32,IT,22,7,155,5,0.9,0.91,12844.19,0
24,Marketing,3,6,219,5,0.96,0.81,10083.57,0
27,Engineering,21,5,228,3,0.3,0.91,12062.77,0
30,Marketing,29,4,184,2,0.76,0.93,10921.03,0
27,HR,29,7,207,3,0.85,0.73,10566.9,0
30,IT,13,4,154,4,0.63,0.4,10766.93,0
52,Engineering,2,11,147,3,0.84,0.5,14884.46,0
53,IT,3,8,178,4,0.86,0.75,14528.76,0
33,HR,13,7,154,5,0.63,0.45,9933.37,0
29,IT,9,5,179,4,0.86,0.57,9432.49,0
29,IT,22,4,187,2,0.84,0.54,10252.18,0
49,Sales,19,7,101,2,0.87,0.47,11845.28,0
41,IT,18,2,249,2,0.28,0.81,11669.26,1
28,Marketing,5,10,172,2,0.85,0.96,11950.84,0
32,Engineering,10,4,151,6,0.98,0.83,11155.13,0
41,Sales,14,6,225,4,0.81,0.83,11184.32,0
37,Engineering,21,2,256,2,0.34,0.89,10523.99,1
25,Engineering,17,7,204,3,0.95,0.86,12055.95,0
27,HR,3,4,224,3,0.32,0.91,9279.3,0
43,HR,7,7,230,6,0.12,0.83,11709.95,1
47,Sales,9,7,130,4,0.8,0.31,11693.38,0
24,HR,5,3,155,4,0.83,0.38,7617.84,0
35,HR,4,2,111,4,0.66,0.57,9420.85,0
32,HR,3,10,256,6,0.13,0.89,11374.44,1
39,Engineering,26,4,171,4,0.69,0.43,11441.89,0
33,Sales,13,6,243,4,0.31,0.99,10784.48,0
44,Engineering,9,6,195,2,1.0,0.7,12968.96,0
33,Marketing,23,1,141,4,0.61,0.55,9450.14,0
34,Engineering,28,6,150,2,0.92,0.89,11654.96,0
46,Marketing,7,5,143,2,0.67,0.45,11713.17,0
40,IT,29,3,253,4,0.11,0.83,11607.98,1
57,IT,8,2,161,3,0.92,0.76,13744.78,0
29,Marketing,10,7,250,5,0.38,0.87,11271.24,0
50,Marketing,1,8,149,3,0.87,0.58,12782.16,0
53,Engineering,27,6,176,4,0.71,0.97,13935.99,0
39,Marketing,20,1,244,4,0.26,0.81,9966.19,1
27,Sales,29,2,162,3,0.98,0.91,10395.53,0
39,IT,29,4,155,4,0.86,0.41,11425.49,0
40,IT,21,10,224,2,0.29,0.95,14345.36,0
43,Marketing,21,4,270,6,0.15,0.99,11385.07,1
58,HR,1,4,258,4,0.26,0.88,13023.49,1
53,HR,19,0,190,4,0.99,0.87,11005.68,0
24,Marketing,2,3,218,3,0.7,0.71,8866.31,0
49,Sales,12,1,232,2,0.16,0.84,10728.24,0
31,HR,23,2,228,3,0.21,0.88,8950.09,1
56,Marketing,13,5,188,3,0.73,0.71,13686.45,0
50,Sales,14,4,189,4,0.73,0.49,11132.34,0
36,Sales,5,10,158,2,0.85,0.43,13055.81,0
54,Engineering,3,8,152,4,0.85,0.43,14368.06,0
28,Sales,27,3,256,4,0.29,0.84,9670.82,0
33,HR,24,2,180,4,0.86,0.98,9701.94,0
51,HR,17,9,169,4,0.82,1.0,13502.83,0
42,Marketing,1,10,251,6,0.28,0.85,12766.49,1
52,Marketing,14,0,167,5,0.61,0.55,9876.36,0
45,Sales,6,5,136,2,0.69,0.36,10254.26,0
41,IT,17,4,182,6,0.89,0.41,12509.29,0
58,Engineering,4,7,279,5,0.27,0.98,15765.75,0
25,IT,6,7,175,5,0.9,0.82,12491.33,0
49,Sales,1,4,155,5,0.76,0.59,11832.78,0
41,Sales,29,0,169,6,0.79,0.55,8889.5,0
45,IT,9,7,158,2,0.88,0.38,12093.91,0
53,Engineering,4,9,229,3,0.15,0.9,15063.52,0
57,IT,9,4,264,5,0.1,0.87,14183.09,1
55,Marketing,9,3,154,3,0.99,0.91,12789.15,0
57,HR,29,4,241,3,0.21,0.83,12540.63,1
23,Marketing,22,5,176,4,0.73,0.97,11227.23,0
36,HR,13,4,141,3,0.74,0.36,9306.54,0
55,Sales,23,6,164,4,0.69,0.36,12316.05,0
57,Engineering,29,5,169,2,0.79,0.42,13233.04,0
27,IT,17,5,139,2,0.87,0.59,11084.86,0
33,Engineering,21,7,237,4,0.26,0.82,12473.71,1
24,IT,3,4,108,2,0.73,0.47,9924.74,0
39,Marketing,26,4,185,5,0.86,0.99,10765.88,0
42,Marketing,26,7,161,2,0.76,0.9,12166.67,0
36,IT,29,2,252,4,0.11,0.83,11786.69,1
54,Engineering,6,2,162,5,0.77,0.51,12034.47,0
56,IT,20,1,228,3,0.15,0.92,13221.1,1
47,Sales,15,8,234,3,0.22,0.93,13208.09,0
29,Marketing,29,5,220,3,0.13,0.82,10386.35,0
57,Sales,14,1,210,4,0.92,0.98,12898.11,0
51,Marketing,13,8,265,3,0.33,0.85,13494.46,0
44,Marketing,9,3,225,2,0.11,0.8,10700.74,1
35,HR,23,2,235,3,0.12,0.84,9487.81,1
35,Sales,15,4,252,6,0.14,0.98,10375.82,1
23,Sales,14,5,157,6,0.88,0.86,9208.11,0
58,HR,4,4,247,3,0.13,0.86,12835.39,1
26,Engineering,29,7,238,3,0.16,0.91,12234.93,1
59,Sales,11,7,139,6,0.91,0.86,14131.54,0
35,IT,22,6,126,3,0.85,0.37,11864.12,0
46,HR,2,9,146,5,0.92,0.93,13777.54,0
41,Sales,16,3,136,6,0.74,0.33,9321.47,0
23,Engineering,19,2,250,4,0.11,0.82,10862.88,1
27,Sales,16,2,152,6,0.95,0.77,8526.56,0
38,Marketing,27,5,237,2,0.38,0.99,11455.93,1
46,IT,7,2,145,5,0.77,0.47,11537.83,0
49,HR,11,5,106,4,0.85,0.6,11585.65,0
23,Marketing,12,5,252,3,0.16,0.8,9738.06,1
56,Engineering,4,8,180,2,0.85,0.87,14514.1,0
58,Marketing,16,6,206,2,0.97,0.89,12961.49,0
26,Marketing,28,4,188,5,0.95,0.74,9663.59,0
22,Engineering,26,4,197,4,0.75,0.76,10412.78,0
33,Marketing,16,2,111,2,0.88,0.31,8391.02,0
57,HR,7,5,242,4,0.3,0.97,12575.38,0
44,Sales,25,6,247,4,0.21,0.89,11845.96,1
52,Marketing,13,5,168,2,0.67,0.42,11887.59,0
32,HR,5,6,174,4,0.81,0.33,9383.92,0
31,Sales,1,3,174,5,0.71,0.9,10487.23,0
24,Sales,5,6,171,2,0.88,0.37,9480.6,0
35,Marketing,22,10,168,5,0.8,0.4,11126.62,0
37,HR,14,0,185,5,0.65,0.47,8351.28,0
31,Marketing,11,1,177,4,0.83,0.8,7620.94,0
50,Engineering,2,5,171,4,0.79,0.76,12988.45,0
31,Sales,24,4,174,2,0.8,0.71,9152.77,0
33,Marketing,29,11,173,3,0.66,0.52,10932.58,0
51,Sales,18,6,155,2,0.92,0.87,12630.72,0
22,HR,15,4,246,5,0.39,0.8,9164.62,0
26,IT,14,0,183,4,0.8,0.75,10510.8,0
41,Marketing,25,7,158,5,0.78,0.51,11260.56,0
29,Marketing,13,3,111,6,0.81,0.43,7636.03,0
33,Sales,2,3,153,6,0.86,0.53,8889.06,0
22,HR,19,4,167,5,0.77,0.87,9439.79,0
41,Engineering,8,1,217,3,0.39,0.98,11810.92,0
49,HR,27,6,165,3,0.77,0.86,12847.92,0
58,Marketing,22,6,132,2,0.63,0.46,12272.69,0
58,Engineering,17,6,175,2,0.63,0.46,14586.1,0
33,HR,15,8,257,2,0.16,0.91,11637.59,1
58,IT,20,10,172,4,0.79,0.46,15360.36,0
49,Sales,21,4,111,3,0.88,0.58,11334.12,0
36,HR,14,6,152,5,0.74,0.36,9729.36,0
27,HR,27,6,178,6,0.89,0.85,10171.46,0
41,IT,3,6,148,3,0.74,0.57,12679.43,0
35,Marketing,17,6,196,3,0.87,0.9,10408.59,0
23,Sales,3,5,112,3,0.73,0.5,8835.28,0
30,HR,13,4,159,2,0.72,0.85,10503.42,0
58,Engineering,25,0,225,4,0.39,0.84,13189.99,0
41,HR,18,3,145,5,0.69,0.45,10589.58,0
47,Sales,1,7,171,2,0.82,0.56,12117.69,0
50,HR,7,5,170,4,0.69,0.42,10886.83,0
22,IT,29,4,171,3,0.71,0.79,10880.43,0
56,HR,23,2,279,4,0.3,0.91,11455.66,1
27,HR,5,6,203,2,0.16,0.89,10168.07,1
58,Engineering,2,7,192,3,0.85,0.97,15202.72,0
26,IT,17,6,242,2,0.29,0.8,11169.0,1
54,IT,29,4,159,5,0.92,0.71,14710.81,0
35,HR,21,5,132,3,0.71,0.41,9777.38,0
33,Engineering,10,5,158,4,0.81,0.8,12796.0,0
41,HR,4,6,257,2,0.35,0.96,11996.76,1
45,HR,9,1,234,6,0.24,0.97,10330.63,0
55,Sales,21,6,194,4,0.77,0.57,12234.81,0
46,Sales,11,4,175,4,0.99,0.89,11561.43,0
50,Engineering,26,8,152,3,0.65,0.52,13769.02,0
52,Marketing,12,5,167,4,0.73,0.43,11430.6,0
44,Sales,12,8,148,2,0.76,0.89,12863.02,0
59,Marketing,18,4,157,6,0.75,0.72,12720.98,0
41,IT,4,4,165,5,0.97,0.72,12577.97,0
44,Sales,29,9,167,6,0.75,0.86,13592.57,0
37,Sales,28,6,249,2,0.1,1.0,11259.48,1
29,Engineering,9,3,215,3,0.3,0.87,11603.11,0
42,Marketing,8,8,175,2,0.8,0.89,13086.23,0
22,Sales,19,3,163,4,0.96,0.76,9257.43,0
29,Sales,24,6,248,3,0.39,0.98,9771.63,1
50,Engineering,13,11,261,5,0.33,0.99,16672.23,1
53,Engineering,2,1,170,5,0.91,0.96,12703.66,0
59,Marketing,19,4,235,2,0.34,0.87,11918.26,1
26,IT,14,6,167,4,0.7,0.33,11451.3,0
43,IT,5,7,101,5,0.88,0.39,12931.3,0
55,HR,27,1,159,6,0.89,0.4,10878.38,0
22,Sales,28,0,139,3,0.93,0.96,7947.21,0
47,Marketing,26,8,128,6,0.82,0.57,12338.79,0
31,Sales,10,3,174,5,0.93,0.77,9466.62,0
51,Marketing,24,3,167,5,0.77,0.55,10786.76,0
39,Marketing,17,10,167,2,0.66,0.54,11982.2,0
38,Marketing,20,5,184,2,0.75,0.83,11008.98,0
47,Sales,16,5,240,3,0.35,0.8,11146.88,0
29,Engineering,17,4,227,2,0.33,0.93,11490.93,0
33,Sales,1,1,240,4,0.27,0.91,8518.2,1
48,Marketing,28,7,261,3,0.23,0.83,13522.36,1
29,HR,21,6,142,4,0.78,0.38,9399.04,0
46,IT,22,6,138,2,0.71,0.73,12819.42,0
25,Marketing,15,5,188,3,0.91,0.83,9913.99,0
54,HR,17,4,195,5,0.7,0.89,11996.68,0
22,Engineering,11,4,150,6,0.63,0.53,9953.93,0
40,Marketing,22,5,154,5,0.8,0.37,10470.14,0
52,HR,5,5,139,4,0.73,0.56,11305.31,0
37,Marketing,4,7,235,5,0.23,0.94,12659.75,0
35,Sales,26,6,245,5,0.21,0.99,12293.55,1
26,HR,21,8,134,6,0.81,0.37,9472.87,0
47,Sales,24,0,181,6,0.9,0.75,9636.87,0
49,Sales,9,6,265,5,0.34,0.87,12168.06,1
23,HR,27,3,217,6,0.28,0.9,8759.7,1
27,IT,16,2,228,5,0.98,0.78,10909.58,0
30,HR,12,4,239,3,0.18,0.88,9708.18,0
54,IT,18,5,172,5,0.96,0.87,13554.14,0
46,Marketing,22,5,187,2,0.96,0.95,12049.47,0
34,Marketing,3,0,144,6,0.72,0.97,8603.72,0
30,HR,15,3,142,6,0.72,0.42,9270.2,0
34,Marketing,18,6,142,4,0.78,0.81,11124.91,0
52,Engineering,12,2,143,4,0.84,0.55,12100.61,0
32,Sales,13,2,142,2,0.96,0.72,8986.24,0
25,Sales,1,0,166,6,0.87,0.37,7355.88,0
55,IT,4,3,285,6,0.27,0.97,13292.22,1
59,Marketing,8,2,177,4,0.63,0.4,10914.27,0
25,IT,19,2,153,4,0.66,0.54,9569.05,0
59,Sales,21,4,173,5,0.82,0.76,11953.96,0
40,Sales,26,3,183,6,0.85,0.72,10111.16,0
27,Marketing,21,2,137,6,0.81,0.88,8524.12,0
55,Engineering,5,0,274,5,0.23,0.85,13403.81,1
39,Engineering,11,6,178,6,0.84,0.99,12970.24,0
34,Marketing,25,7,151,2,0.61,0.58,10186.7,0
44,Marketing,24,4,166,4,0.86,0.86,11659.93,0
40,IT,24,4,201,4,0.84,0.99,12366.95,0
32,Marketing,29,5,243,4,0.3,0.83,9810.26,1
22,Engineering,29,4,172,3,0.93,0.79,10920.99,0
45,Marketing,17,0,234,2,0.11,0.99,10316.1,1
28,IT,17,4,134,2,0.73,0.58,11072.74,0
46,IT,2,0,176,5,0.86,0.44,10966.61,0
42,IT,24,6,207,3,0.17,0.81,13185.47,1
36,IT,26,5,177,6,0.98,0.76,12393.61,0
22,HR,1,4,221,2,0.25,0.8,8689.96,1
33,Marketing,4,5,228,3,0.14,0.88,10146.15,1
28,Sales,9,8,164,3,0.73,0.47,10735.33,0
36,Marketing,2,7,179,2,0.97,0.8,11585.1,0
42,HR,3,7,157,5,0.92,0.73,11732.17,0
40,IT,27,2,179,3,0.83,0.71,11908.52,0
50,HR,6,9,169,4,0.79,0.95,13877.14,0
46,Engineering,13,3,148,3,0.78,0.44,12344.01,0
54,Engineering,15,3,197,6,0.11,0.98,13185.7,0
53,Marketing,11,6,275,2,0.4,0.84,12740.51,1
56,Marketing,10,6,175,6,0.85,0.53,13016.0,0
59,Sales,3,2,182,5,0.83,0.88,13106.33,0
47,Sales,20,4,189,4,0.74,0.49,10619.09,0
32,Engineering,9,9,209,2,0.87,0.89,13265.95,0
56,IT,25,1,165,3,0.79,0.46,12321.51,0
29,HR,10,9,291,4,0.3,0.89,10757.7,1
35,Sales,21,4,277,3,0.39,0.87,10300.81,1
31,Sales,23,0,192,5,0.82,0.76,7831.73,0
23,IT,25,1,151,2,0.91,0.84,9699.08,0
30,IT,24,2,191,5,0.96,0.83,10247.27,0
24,Marketing,27,3,243,5,0.36,0.83,9050.57,1
42,HR,23,5,138,5,0.71,0.73,10999.04,0
47,IT,12,0,268,5,0.37,0.89,11818.35,1
29,Sales,8,6,253,3,0.19,0.99,11453.2,1
23,Sales,21,2,184,6,0.85,0.94,8809.07,0
27,Engineering,21,9,249,3,0.15,0.91,13668.4,1
49,IT,21,4,209,4,0.71,0.93,13681.0,0
50,Marketing,17,8,230,5,0.15,0.93,13660.37,1
47,HR,22,8,135,4,0.64,0.58,11832.84,0
46,Marketing,5,8,110,3,0.91,0.92,12498.16,0
33,Sales,24,3,148,5,0.63,0.47,9144.54,0
26,Marketing,8,3,172,3,0.77,0.99,10092.82,0
55,Sales,18,4,276,5,0.15,0.96,12432.66,1
58,Sales,11,7,185,3,0.74,0.76,12697.87,0
36,Sales,22,3,121,2,0.84,0.39,9487.58,0
57,Sales,28,5,233,6,0.13,0.89,13017.8,1
36,Sales,27,6,164,6,0.67,0.58,10292.83,1
44,Engineering,10,2,239,5,0.39,1.0,12309.65,1
27,Marketing,26,2,190,2,0.76,0.8,8468.6,0
42,Engineering,15,5,163,4,0.7,0.59,12835.87,0
44,Engineering,6,5,267,2,0.16,0.98,13375.47,1
37,IT,19,6,142,5,0.85,0.35,11818.42,0
36,IT,17,7,162,2,0.62,0.5,11895.88,0
46,IT,23,2,203,4,0.9,0.73,12825.07,0
57,HR,10,3,198,5,0.76,0.72,12157.67,0
32,IT,5,2,136,6,0.68,0.37,8978.77,0
36,Marketing,28,9,168,2,0.87,0.8,12126.85,0
25,Engineering,16,5,143,6,0.85,0.36,10078.21,0
42,Marketing,12,5,249,6,0.24,0.81,11240.36,1
34,IT,26,5,162,3,0.99,0.94,12771.2,0
43,HR,21,3,149,4,0.78,0.53,10299.54,1
40,HR,27,10,191,2,0.76,0.87,13597.1,0
55,Engineering,24,6,193,6,0.94,0.96,14780.39,0
35,Marketing,28,5,177,6,0.88,0.42,9610.0,0
25,Sales,5,2,186,4,0.91,1.0,8190.67,0
48,Marketing,21,2,160,6,0.7,0.81,10654.14,0
50,IT,1,4,132,6,0.67,0.51,12564.35,0
49,Sales,2,3,158,6,0.73,0.92,12378.11,0
56,HR,5,2,166,6,0.68,0.49,10947.04,1
29,Engineering,23,4,196,3,0.93,0.96,12346.9,0
37,Engineering,19,4,183,3,0.94,0.97,11762.65,0
57,HR,28,5,278,5,0.1,0.99,12800.13,1
51,IT,15,3,147,2,0.64,0.42,12901.05,0
39,HR,1,2,184,4,0.78,0.79,9777.43,0
23,IT,11,2,244,5,0.1,0.86,10674.62,1
34,Sales,28,9,232,3,0.15,0.92,11522.46,1
25,HR,18,1,132,3,0.75,0.5,7428.57,0
47,IT,3,6,181,3,0.64,0.35,13026.23,0
46,Sales,28,7,117,5,0.67,0.45,11188.13,0
51,HR,9,5,202,3,0.12,0.81,12076.69,1
32,Engineering,24,10,235,5,0.14,0.94,13772.43,1
28,HR,4,7,187,3,1.0,0.82,10411.09,0
52,Marketing,24,11,152,6,0.85,0.44,13096.84,0
31,HR,13,3,213,6,0.32,0.83,9047.64,1
34,Marketing,9,3,151,2,0.65,0.43,9880.43,1
52,Sales,3,7,184,3,0.64,0.51,13137.45,0
28,HR,16,4,201,2,0.14,0.83,9820.58,1
57,Sales,22,10,244,5,0.28,1.0,14577.95,1
41,Sales,8,6,239,2,0.36,0.81,11440.32,0
25,IT,26,2,146,3,0.96,0.86,10730.67,0
28,Sales,7,0,163,5,0.79,0.79,8899.37,0
22,Sales,25,4,201,5,0.97,0.92,8964.2,0
34,HR,23,5,192,6,0.78,0.89,11208.13,0
43,HR,17,6,200,5,0.84,0.93,12277.01,0
42,Engineering,25,9,122,5,0.86,0.42,13769.9,0
43,IT,28,8,206,2,0.72,0.85,13108.74,1
49,Sales,16,3,226,5,0.39,0.9,11384.64,1
30,IT,21,1,174,4,0.84,0.9,10506.3,0
47,Marketing,22,1,171,6,0.98,0.9,10567.49,0
30,Sales,18,3,171,6,0.6,0.36,9581.44,0
36,IT,16,4,165,5,0.85,0.39,10870.37,0
31,Engineering,15,6,266,2,0.38,0.91,12455.37,1
45,Engineering,2,3,212,6,0.74,0.99,12954.29,0
29,Sales,29,6,188,6,0.74,0.78,10107.82,0
45,Marketing,20,6,203,4,0.95,0.85,11655.12,0
37,Engineering,4,5,161,5,0.71,0.58,12881.03,0
47,Engineering,5,2,171,6,0.74,0.87,12437.2,0
48,Marketing,7,6,165,6,0.87,0.44,11921.92,0
58,IT,29,11,192,6,0.92,0.98,16550.37,0
25,Engineering,27,6,153,6,0.73,0.35,10274.51,0
45,HR,28,0,127,2,0.66,0.31,9177.51,0
40,Engineering,15,9,114,3,0.61,0.55,13453.0,0
57,IT,17,3,202,4,0.97,0.72,13307.33,0
31,IT,10,12,191,2,0.99,0.88,13587.46,0
46,Sales,20,5,230,4,0.33,0.89,12109.82,0
39,HR,29,0,240,6,0.36,0.83,9618.48,0
40,IT,9,0,174,4,0.76,0.77,10717.21,0
57,Marketing,16,10,172,5,0.88,0.32,12877.65,0
31,HR,24,8,130,5,0.97,1.0,11673.26,0
54,HR,3,12,140,3,0.83,0.59,13223.43,0
26,Marketing,22,5,254,3,0.22,0.93,9828.34,1
56,Engineering,27,5,194,4,0.81,0.78,14231.57,0
55,Marketing,9,4,182,2,0.71,0.93,13430.37,0
54,Marketing,8,3,121,2,0.82,0.59,11483.61,0
42,Engineering,23,4,151,6,0.76,0.53,11808.62,0
38,Engineering,7,6,188,2,0.97,0.94,13116.11,0
43,Engineering,17,2,224,3,0.2,0.8,11645.41,0
58,Engineering,5,0,170,2,0.76,0.73,12658.46,0
36,Engineering,7,5,263,6,0.19,0.99,12598.63,1
56,Marketing,13,2,137,5,0.71,0.3,11120.51,0
49,Sales,18,0,172,2,0.73,0.72,10009.99,0
28,Sales,22,7,198,2,0.88,0.76,10410.75,0
53,IT,14,2,142,3,0.73,0.57,11653.91,0
32,Sales,18,7,176,4,0.85,0.82,11197.64,0
31,Sales,3,7,152,5,0.63,0.5,10075.96,0
30,Marketing,17,6,246,4,0.25,0.96,11658.32,1
35,Engineering,19,12,194,6,0.88,0.85,14476.09,0
34,Engineering,7,5,175,6,0.99,0.95,11865.15,0
46,Marketing,21,4,187,4,0.93,0.78,10812.44,0
23,Sales,4,5,156,3,0.66,0.58,9297.41,0
56,Marketing,15,5,243,3,0.18,0.87,13738.5,1
28,IT,29,8,276,3,0.17,0.92,13279.29,1
42,Engineering,28,1,124,5,0.6,0.32,10032.28,1
39,HR,24,1,180,6,0.73,0.83,9953.04,0
24,IT,8,6,150,6,0.67,0.47,11208.13,0
32,IT,16,2,193,6,0.93,0.79,10202.72,0
45,Marketing,1,7,200,5,0.14,0.81,12729.08,1
40,Sales,25,6,138,6,0.65,0.49,10424.72,0
25,Engineering,16,3,245,4,0.16,0.98,10756.77,1
47,HR,25,6,181,2,0.61,0.5,11630.38,0
59,IT,2,1,229,5,0.28,0.84,13923.56,0
53,HR,2,2,172,2,0.95,0.85,12361.12,0
57,Sales,8,4,274,4,0.4,0.95,12646.73,1
58,Sales,12,5,212,3,0.99,0.85,12768.78,0
54,HR,11,4,146,3,0.86,0.59,11505.37,0
57,Engineering,6,6,184,3,0.8,0.94,15269.01,0
24,Sales,19,6,121,5,0.65,0.4,9506.22,0
30,HR,28,10,204,3,0.98,0.74,11934.86,0
29,IT,18,5,284,5,0.14,0.87,11765.29,1
54,HR,5,9,167,5,0.87,0.76,13796.53,0
27,HR,15,8,169,2,0.84,0.92,10833.47,0
25,Marketing,8,7,261,3,0.18,0.8,10139.4,1
34,Sales,6,5,251,6,0.22,0.88,11095.04,1
23,Engineering,12,4,159,3,0.89,0.51,10148.91,0
26,Engineering,19,8,214,3,0.99,0.91,12076.74,0
48,Marketing,12,6,131,3,0.87,0.51,12169.29,0
53,Engineering,12,9,170,6,0.69,0.53,14265.87,0
42,HR,9,7,264,6,0.19,0.91,12197.96,1
29,Marketing,24,0,238,5,0.13,0.97,8211.77,1
59,IT,10,6,144,6,0.88,0.76,14239.25,0
29,Sales,22,6,256,5,0.2,0.87,10450.16,1
24,Sales,17,5,181,2,0.72,1.0,9543.46,0
24,Sales,18,5,176,5,0.81,0.89,9573.03,0
43,HR,16,0,268,3,0.21,0.93,10776.14,1
27,IT,4,8,202,4,0.73,0.9,12331.76,0
23,Marketing,18,5,219,4,0.18,0.81,9861.45,0
44,Marketing,3,8,140,3,0.84,0.91,12232.54,0
23,Sales,16,0,253,5,0.19,0.86,8300.56,1
59,IT,14,7,172,3,0.87,0.8,14609.56,0
38,IT,24,4,172,6,0.81,0.46,11297.52,0
56,IT,9,5,100,5,0.79,0.5,13890.75,0
55,Engineering,6,4,158,3,0.69,0.34,12890.82,1
44,Engineering,4,7,229,6,0.36,0.88,14234.95,0
51,Sales,27,5,200,6,0.75,0.93,12787.72,0
29,IT,2,2,156,5,0.6,0.33,9510.14,0
43,IT,23,5,179,2,0.73,0.91,13776.04,0
57,Marketing,10,4,234,2,0.24,0.86,12842.43,0
26,Marketing,11,5,204,6,0.96,0.75,9480.42,0
34,Sales,7,0,236,2,0.11,0.93,9342.06,0
50,IT,26,7,142,6,0.84,0.58,13804.82,0
52,Sales,25,4,265,2,0.28,0.82,12131.71,1
37,Marketing,5,1,195,6,0.78,0.73,9385.65,0
51,Marketing,26,8,242,6,0.2,0.91,13511.02,1
37,Engineering,4,7,156,6,0.83,0.84,13370.26,0
33,Sales,26,4,217,6,0.72,0.85,10406.38,0
38,Sales,6,2,265,4,0.34,0.82,10235.27,1
37,IT,28,6,198,2,0.87,0.84,12630.6,0
33,IT,2,5,259,6,0.37,0.95,11763.64,1
29,Engineering,2,8,159,3,0.79,0.44,11110.14,0
41,HR,16,4,174,5,0.96,0.98,10901.82,0
24,HR,28,6,199,3,0.74,0.72,9439.26,0
37,HR,25,3,218,3,0.75,0.77,10985.83,0
51,Sales,23,1,247,4,0.4,0.89,11802.43,0
44,Sales,23,2,175,2,0.76,0.46,9616.43,0
49,Marketing,13,5,307,4,0.1,0.8,12225.54,1
26,Sales,21,5,161,2,0.73,0.73,9527.12,0
41,Sales,7,6,163,6,0.87,0.58,11175.16,0
22,Sales,25,4,181,4,0.99,0.98,9089.14,0
51,Engineering,26,8,214,5,0.15,0.96,16043.36,0
42,Sales,5,4,180,2,0.87,0.56,11443.02,0
41,IT,25,0,142,4,0.63,0.31,10077.84,0
27,IT,17,5,248,5,0.33,0.89,11171.98,1
43,Marketing,13,0,173,3,0.85,0.55,9853.01,0
39,Engineering,15,6,177,6,0.97,0.79,12173.88,0
29,IT,28,8,163,6,0.95,0.84,12907.03,0
53,Engineering,3,2,150,3,0.85,0.52,12500.55,0
54,Engineering,23,9,111,4,0.73,0.35,13586.05,0
37,Marketing,4,8,238,3,0.21,0.84,11701.29,1
33,Engineering,15,9,169,5,0.85,0.94,13050.88,0
59,Sales,18,6,278,2,0.27,0.98,13738.17,0
55,Engineering,28,2,200,4,0.9,0.83,13298.43,0
35,Marketing,3,7,157,2,0.81,0.32,9568.17,0
57,Marketing,7,3,159,3,0.67,0.53,11493.75,0
54,Marketing,8,5,194,6,0.7,0.77,12717.71,0
44,IT,11,4,261,2,0.1,0.9,13273.95,1
23,Sales,25,5,136,2,0.81,0.35,8311.71,0
42,IT,22,7,154,6,0.65,0.44,12914.36,0
23,HR,26,5,239,2,0.3,0.83,9591.54,0
48,Sales,9,0,138,2,0.67,0.37,9509.61,0
30,Engineering,20,3,209,6,0.82,0.9,11424.21,0
22,Marketing,12,4,173,6,0.92,0.74,8413.31,0
32,HR,5,6,251,3,0.11,0.98,10951.66,1
24,Sales,1,0,176,3,0.87,1.0,7590.17,0
44,IT,14,0,221,2,0.37,0.88,11637.27,0
47,Marketing,25,6,231,4,0.15,0.83,12867.75,1
25,IT,25,2,234,3,0.14,0.82,10085.88,0
39,Sales,25,2,228,3,0.39,0.92,10993.91,1
27,Sales,3,7,210,4,0.4,0.87,10397.19,0
56,HR,29,9,170,4,0.75,0.74,13243.54,0
43,Engineering,15,3,124,6,0.88,0.6,12224.78,0
36,IT,10,5,243,3,0.21,0.83,12483.61,1
43,HR,26,5,235,5,0.24,0.85,12668.18,1
58,Marketing,10,5,174,5,0.83,0.99,12800.31,0
33,Engineering,24,5,192,2,0.8,0.96,12404.06,0
59,HR,3,7,272,3,0.36,0.82,13826.28,1
39,IT,29,3,258,5,0.24,1.0,12824.79,1
56,Sales,6,0,256,3,0.31,0.95,11769.1,1
51,Marketing,5,10,256,3,0.26,0.98,13925.66,1
45,IT,24,8,256,5,0.3,0.86,13586.3,1
51,Engineering,19,2,116,3,0.61,0.58,12534.7,0
35,Engineering,14,5,264,4,0.14,0.97,12619.02,1
27,Sales,17,8,123,2,0.85,0.54,10504.41,0
24,Sales,12,6,278,6,0.19,0.8,9658.7,1
37,Marketing,9,6,181,5,0.95,0.73,11091.54,0
28,Marketing,26,4,226,6,0.86,0.98,9183.95,0
35,Sales,25,10,136,2,0.61,0.53,11049.41,1
30,Sales,3,6,147,4,0.84,0.46,10185.5,0
36,Engineering,18,3,174,4,0.61,0.31,10714.22,0
42,Sales,4,8,159,4,0.73,0.47,11770.66,1
